"Women Clothing";"အမ်ဳိးသမီး အဝတ္အထည္"
"&rarr;";"&rarr;"
"Men Clothing";"အမ်ဳိးသား အဝတ္အထည္"
Shoes;ဖိနပ္မ်ား
"Bags &amp; Accessories";"အိတ္မ်ား &amp; တြဲဖက္အသုံးအေဆာင္မ်ား"
Electronics;လွ်ပ္စစ္ပစၥည္းမ်ား
"Kids &amp; Babies";"ကေလးငယ္မ်ား &amp; ေမြးစကေလးငယ္မ်ား"
"Jewellery &amp; Accessories";"ေက်ာက္မ်က္ရတနာမ်ား &amp; တြဲဖက္အသုံးအေဆာင္မ်ား"
"Sports &amp; Outdoors";"အားကစား &amp; ျပင္ပ"
"Health &amp; Beauty";"က်န္းမာေရး &amp; အလွအပ"
"Home, Garden &amp; Office";"အိမ္၊ ဥယ်ာဥ္ &amp; ရုံး"
Dress;ဂါဝန္
Topwear;အေပၚဝတ္
Pants;ေဘာင္းဘီ
Fashion;ဖက္ရွင္
Underclothes;ေအာက္ခံအဝတ္အထည္
"Product Name";"ကုန္ပစၥည္းအမည္"
Jacket;ဂ်က္ကတ္
Suits;ဝတ္စုံ
T-shirt;တီရွပ္
Polo;ပိုလို
"Pants &amp; Jeans";"ေဘာင္းဘီ &amp; ဂ်င္း"
Sweater;ဆြယ္တာ
Underwear;ေအာက္ခံ
"Women's Shoes";"အမ်ဳိးသမီးစီး ဖိနပ္မ်ား"
"Men's Shoes";"အမ်ဳိးသားစီး ဖိနပ္မ်ား"
Slippers;စလစ္ပါ
Boots;ဘြတ္ဖိနပ္
"Work Shoes";"အလုပ္စီး ဖိနပ္"
"Women's Bag";"အမ်ဳိးသမီးကိုင္ အိတ္"
"Men's Bag";"အမ်ဳိးသားကိုင္ အိတ္"
"Luggage &amp; Travel Gear";"ခရီးေဆာင္လက္ဆြဲအိတ္ &amp; ခရီးေဆာင္အိတ္"
"Women's Accessories";"အမ်ဳိးသမီးသုံး တြဲဖက္အသုံးအေဆာင္မ်ား"
"Men's Accessories";"အမ်ဳိးသားသုံး တြဲဖက္အသုံးအေဆာင္မ်ား"
"Cell Phone";"ဆဲလ္ဖုန္း"
"Camera, Photo &amp; Video";"ကင္မရာ၊ ဓာတ္ပုံ &amp; ဗီဒီယို"
"Computer &amp; Laptop";"ကြန္ပ်ဴတာ &amp; လက္ပ္ေတာ့ပ္"
"Wearable Technology";"ဝတ္ဆင္ႏိုင္ေသာ နည္းပညာထုတ္ကုန္မ်ား"
"Electronics Accessories";"လွ်ပ္စစ္ဆက္စပ္ပစၥည္းမ်ား"
"Kids Clothing";"ကေလး အဝတ္အထည္မ်ား"
"Kids Shoes";"ကေလးစီး ဖိနပ္မ်ား"
Toys;ကစားစရာမ်ား
"Babies Gear";"ကေလးတြန္းလွည္းမ်ား"
"Maternity Care";"ကိုယ္ဝန္ေဆာင္ ေစာင့္ေရွာက္မႈ"
Watch;လက္ပတ္နာရီ
Jewellery;ေက်ာက္မ်က္ရတနာ
Glasses;မ်က္မွန္
"Hair Ornament";"ဆံပင္အလွဆင္ပစၥည္း"
"Other Accessories";"အျခားေသာ ဆက္စပ္ပစၥည္းမ်ား"
"Sport Clothing";"အားကစား ဝတ္စုံ"
"Sport Shoes";"အားကစား ဖိနပ္"
"Sport Equipment";"အားကစား ကိရိယာ"
Outdoors;ျပင္ပ
"Dance &amp; Yoga";"အက &amp;"
"Sports Accessories";"အားကစား ဆက္စပ္ပစၥည္းမ်ား"
"Skin Care";"အသားအရည္ထိန္းသိမ္းေရပစၥည္းမ်ား"
Makeup;မိတ္ကပ္
"Men's Care";"အမ်ဳိးသားသုံး တစ္ကိုယ္ရည္ပစၥည္းမ်ား"
"Personal Care";"တစ္ကိုယ္ရည္သုံး ပစၥည္းမ်ား"
"Health Care";"က်န္းမာေရး ေစာင့္ေရွာက္မႈ"
Furniture;ပရိေဘာဂ
Appliance;ကိရိယာမ်ား
"Home Decor";"အိမ္အလွဆင္ပစၥည္းမ်ား"
"Bed &amp; Bath";"အိပ္ခန္း &amp; ေရခ်ဳိးခန္း"
"Kitchen &amp; Dining";"မီးဖိုေခ်ာင္ &amp; ထမင္းစားခန္း"
"Window Treatments";"ျပတင္းေပါက္ အလွဆင္ပစၥည္းမ်ား"
"Tools &amp; Hardware";"ကိရိယာမ်ား &amp; ကုန္မာပစၥည္းမ်ား"
Stationery;စာေရးကိရိယာ
"You have";"သင့္ေစ်းဝယ္လွည္းအတြင္း "
"on your shopping cart";"ရွိသည္"
"Payment Method";"ေငြေပးေခ်မႈ နည္းလမ္း"
Total;စုစုေပါင္း
"Continue Shopping";"ေစ်းဆက္ဝယ္မည္"
"Proceed to Checkout";"ေပးေခ်ရန္ လုပ္ေဆာင္မည္"
"&nbsp;";"&nbsp;"
"Schonning Watch (red, metal, large)";"Schonning လက္ပတ္နာရီ (အနီ၊ သတၱဳ၊ အၾကီး)"
"Schonning Watch";"Schonning လက္ပတ္နာရီ "
Size;ဆိုဒ္
Color;အေရာင္
Metal;သတၱဳ
"Philips Series 500";"Philips စီးရီး 500"
Subtotal;စုစုေပါင္း
"Shipping Fee";"ပို႕ေဆာင္ခ"
Free;အခမဲ့
"(Metro Manila only)";"(Metro Manila တြင္သာ)"
Small;အေသး
Red;အနီ
Steel;စတီး
"Add to Cart";"ေစ်းဝယ္လွည္းထဲ ေပါင္းထည့္ပါ"
"Powered by:";"ျပဳလုပ္ေဆာင္ရြက္သည္ :"
"To Do business";"လုပ္ငန္းလုပ္ရန္"
"Login as seller";"ေရာင္းခ်သူအျဖစ္ ဝင္ပါ"
"Login as affiliate";"တြဲဖက္အျဖစ္ ဝင္ပါ"
"Help &amp; Support";"အကူအညီ &amp; ပံ့ပိုးမႈ"
"Your account";"သင့္အေကာင့္"
"Your order";"သင့္ေအာ္ဒါ"
"Resolution Center";"ေျဖရွင္းေရး စင္တာ"
Complaints;တိုင္ၾကားမႈမ်ား
"Privacy Policy";"ကိုယ္ေရးအခ်က္အလက္ လုံျခံဳေရး မူဝါဒ"
"Contact Us";"ကၽြန္ုပ္တို႔ကို ဆက္သြယ္ပါ"
"Related Links";"ဆက္ႏြယ္ေနေသာ လင့္ခ္မ်ား"
"Download our app";"ကၽြန္ုပ္တို႕၏ အပလီေကးရွင္းကို ေဒါင္းေလာဒ့္ဆြဲပါ"
"Download our app (via QR Code)";"ကၽြန္ုပ္တို႕၏ အပလီေကးရွင္းကို ေဒါင္းေလာဒ့္ဆြဲပါ (QR ကုဒ္ျဖင့္)"
"for apple";"Apple အတြက္"
"for android";"Android အတြက္"
"Email Newsletter";"အီးေမးလ္ သတင္းလႊာ"
"Get the word out. Make sure you don't miss out on interesting events, sale, and more by joining our newsletter program.";"သတင္းအသစ္မ်ားကို ရယူပါ စိတ္ဝင္စားဖြယ္ရာ ပြဲမ်ား၊ ေရာင္းခ်မႈမ်ားစသည္တို႕ကို သတင္းလႊာ ပရိုဂရမ္ကို ပူးေပါင္းျခင္းျဖင့္ လႊဲေခ်ာ္မႈ မရွိေတာ့မွာ အေသအခ်ာပါပဲ။"
Subscribe;လက္ခံပါ
"&copy; 2015 YiLinker. Trademarks and brands are the property of their respective owners.";"&မူပိုင္ခြင;့္ 2015 YiLinker. ကုန္အမွတ္တံဆိပ္မ်ားႏွင့္ ကုန္ပစၥည္းအမည္မ်ားသည္ ၎တို႕၏ သက္ဆိုင္ရာ ပိုင္ရွင္မ်ား၏ ပိုင္ဆိုင္မႈမ်ား ျဖစ္ၾကသည္။"
FAQ;FAQ
"Shipping &amp; delivery";"ပို႕ေဆာင္မႈ &amp; ေပးပို႕မႈ"
"Return Policy";"ျပန္လည္ေပးပို႕မႈ မူဝါဒ"
"Terms of use";"အသုံးျပဳမႈ စည္းမ်ဥ္းမ်ား"
"Contact us";"ကၽြန္ုပ္တို႔ကို ဆက္သြယ္ပါ"
Payment;ေငြေပးေခ်မႈ
"Get the word out. Make sure you didn't miss interesting events, sale, and more by joining our newsletter program.";"သတင္းအသစ္မ်ားကို ရယူပါ စိတ္ဝင္စားဖြယ္ရာ ပြဲမ်ား၊ ေရာင္းခ်မႈမ်ားစသည္တို႕ကို သတင္းလႊာ ပရိုဂရမ္ကို ပူးေပါင္းျခင္းျဖင့္ လႊဲေခ်ာ္မႈ မရွိေတာ့မွာ အေသအခ်ာပါပဲ။"
"Your current browser was developed over a decade ago,";"သင့္လက္ရွိ ဘေရာက္ဇာကို လြန္ခဲ့ေသာ ၁၀စုႏွစ္ေက်ာ္က ဖန္တီးခဲ့ပါသည္။"
"its like watching TV in black and white in 2015!";"ဒါဟာ ၂၀၁၅မွာ တီဗီြကို အျဖဴအမည္းနဲ႕ ၾကည့္ေနရတာနဲ႔ တူသလိုပဲ။"
"Please view the website in one of these modern browsers";"ေက်းဇူးျပဳ၍ ေခတ္ေပၚဘေရာက္ဇာမ်ားထဲမွ တစ္ခုျဖင့္ ဝက္ဘ္ဆိုဒ္ကို ၾကည့္ရႈပါ"
download;ေဒါင္းေလာဒ့္
"google chrome";"google chrome"
"mozilla firefox";"mozilla firefox"
"apple safari";"apple safari"
Categories;အမ်ဳိးအစားမ်ား
Search...;ရွာေဖြပါ...
"Suggested Search";"အၾကံျပဳထားေသာ ရွာေဖြမႈ"
"(eg. mobile, dress, toys, etc...)";"(ဥပမာ- မိုဘိုင္း၊ ဂါဝန္၊ ကစားစရာ စသျဖင့္ ...)"
English;အဂၤလိပ္
Chinese;တရုတ္
Canada;ကေနဒါ
"For Android";"Android အတြက္"
"For IOS";"IOS အတြက္"
"on your wishlist";"သင့္ဆႏၵရွိသည့္စာရင္းတြင္"
"0 items";"ကုန္ပစၥည္း 0 ခု"
"on your cart";"သင့္ေစ်းဝယ္လွည္းတြင္"
"Account Management";"အေကာင့္ မန္ေနဂ်ာ"
Settings;ခ်ိန္ညိွခ်က္မ်ား
Messages;မက္ေဆ့ဂ်္မ်ား
Help;အကူအညီ
Logout;ထြက္ပါ
Sign-Up;စာရင္းသြင္းပါ
Log-In;ဝင္ပါ
"Filter Area:";"စစ္ထုတ္ ဧရိယာ :"
Sub-Category;အမ်ဳိးအစားခြဲ
All;အားလုံး
Price;ေစ်းႏႈန္း
"Price Range";"ေစ်းႏႈန္း အကန္႔အသတ္"
Brand;ကုန္အမွတ္တံဆိပ္
"More Filter";"ပိုမို စစ္ထုတ္ပါ"
"Sort By:";"စီပါ :"
Relevance;ပတ္သက္ဆက္ႏြယ္မႈ
"New to Old";"အသစ္ မွ အေဟာင္း"
"Old to New";"အေဟာင္း မွ အသစ္"
Alphabetical;အကၡရာစဥ္
Popularity;လူၾကိဳက္မ်ားမႈ
of;၏
"View By:";"ၾကည့္ပါ :"
"Add to cart";"ေစ်းဝယ္လွည္းထဲ ေပါင္းထည့္ပါ"
"You have 0 items on your wishlist";"သင္ဆႏၵရွိသည့္စာရင္းတြင္ ကုန္ပစၥည္း 0 ခု ရွိပါသည္။"
"All Categories";"အမ်ဳိးအစားအားလုံး"
Home;ပင္မ
"Sub Category:";"အမ်ဳိးအစား ခြဲ :"
More;ပို၍
Less;ေလ်ာ့၍
"view more";"ပိုၾကည့္ပါ"
"Edit Address";"လိပ္စာကို တည္းျဖတ္ပါ"
"Delete Address";"လိပ္စာကို ဖ်က္ပါ"
"See More";"ပို၍ ၾကည့္ရႈပါ"
"Ship To";"ပို႔ေဆာင္ပါ"
"New Address";"လိပ္စာ အသစ္"
Proceed;လုပ္ေဆာင္ပါ
"Guest Checkout allows you to purchase from our website even if you aren't registered. After your purchase has been completed you'll still have the option to register for an account.";"ဧည့္သည္ ေငြေပးေခ်မႈက သင္သည္ မွတ္ပုံမတင္ထားလွ်င္ေတာင္ ကၽြန္ုပ္တို႔ဝက္ဘ္ဆိုဒ္မွ ဝယ္ယူခြင့္ ေပးပါသည္။ သင့္ဝယ္ယူမႈ ျပီးဆုံးျပီးေနာက္ အေကာင့္အတြက္ မွတ္ပုံတင္ရန္ ေရြးခ်ယ္မႈ ရွိေနပါလိမ့္မည္။"
"Verify Number";"နံပါတ္ကို အတည္ျပဳပါ"
"Verification code has been successfully resent";"အတည္ျပဳ ကုဒ္ကို ေအာင္ျမင္စြာျဖင့္ ျပန္လည္ ေ႔ပးပို႕ျပီးပါျပီ"
"You are about to change your contact number, please ensure that your mobile phone is within reach before you proceed with this step.";"သင္၏ ဆက္သြယ္ရန္ နံပါတ္ကို ေျပာင္းလဲရန္ ဤအဆင့္ျဖင့္ မလုပ္ေဆာင္မီ သင့္မိုဘိုင္းဖုန္းကို ေခၚဆိုႏိုင္ပါေစ။"
"Please enter the 6 digit code that was sent to your mobile phone";"ေက်းဇူးျပဳ၍ သင့္မိုဘိုင္းဖုန္းသို႔ ေပးပို႕ထားေသာ ဂဏန္း ၆လုံးကုဒ္ကို ျဖည့္ပါ။"
"Time Left:";"က်န္ရွိခ်ိန္ :"
00:00;0:00
"Enter Code";"ကုဒ္ထည့္သြင္းပါ"
"Enter your verification code";"သင္၏ အတည္ျပဳကုဒ္ကို ျဖည့္ပါ"
Cancel;ပယ္ဖ်က္ပါ
"Resend Code";"ကုဒ္ကို ျပန္ပို႕ပါ"
"Verify and Continue";"အတည္ျပဳျပီး ဆက္လုပ္ပါ"
"Checkout Type";"ေငြေပးေခ်မႈ အမ်ဳိးအစား"
Summary;အက်ဥ္းခ်ဳံး
Overview;ေယဘုယ် ေလ့လာမႈ
Email/Mobile;အီးေမးလ္/မိုဘိုင္း
"Enter your email/mobile here";"သင့္အီးေမးလ္/မိုဘိုင္းကို ဤေနရာတြင္ ရိုက္ထည့္ပါ"
Password;စကားဝွက္
"Enter your password here";"သင့္စကားဝွက္ကို ဤေနရာတြင္ ရိုက္ထည့္ပါ"
"Sign In &amp; Continue";"ဝင္ပါ &amp"
"or sign in with";"သို႕မဟုတ္ ဤအေကာင့္တို႔မွ ဝင္ပါ &amp;"
Facebook;Facebook
Google+;Google+
"Order Summary";"ေအာ္ဒါ အက်ဥ္းခ်ဳံ႕"
"Grand Total";"စုစုေပါင္း"
"Voucher Deduction";"ေဘာက္ခ်ာ ႏုတ္ယူမႈ"
"There are no items to checkout.";"ေငြေပးေခ်ရန္ မည္သည့္ ပစၥည္းမွ မရွိပါ။"
"Go back to checkout";"ေငြေပးေခ်ရန္သို႕ ျပန္သြားပါ"
Congratulations;ဂုဏ္ယူပါတယ္
"Your purchase was a success";"သင့္ဝယ္ယူမႈ ေအာင္ျမင္ပါသည္"
"Want to buy more items similar to this?";"ဤအရာႏွင့္ အလားသ႑ာန္တူေသာ အျခားအရာမ်ားကို ဝယ္လိုပါသလား။"
"Congratulations on a successful purchase! While waiting for your product to arrive, we suggest checking out other related products that you just bought.";"ေအာင္ျမင္ေသာ ဝယ္ယူမႈအတြက္ ဂုဏ္ယူပါတယ္။ သင့္ကုန္ပစၥည္းကို ေစာင့္ေနစဥ္ သင္ဝယ္ယူခဲ့သည္ႏွင့္ ဆက္စပ္သည့္ အျခားကုန္ပစၥည္းမ်ားကို ရွာေဖြၾကည့္ရႈရန္ အၾကံျပဳပါသည္။"
"View Transaction";"အေရာင္းအဝယ္ကို ၾကည့္ပါ"
or;သို႕မဟုတ္
"Would you like to register an account?";"အေကာင့္တစ္ခုကို မွတ္ပုံတင္လိုပါသလား။"
"Based on the information that you've provided in your order, YiLinker already has your basic information that's needed in creating an account. If you'd like to register on our website to receive more exciting news about our upcoming products & other promos, just enter your password and you're all set.";"သင့္ေအာ္ဒါတြင္ သင္ေပးထားေသာ အခ်က္အလက္မ်ားကို အေျခခံ၍ အေကာင့္ဖန္တီးရန္ လိုအပ္ေသာ အေျခခံ အခ်က္အလက္မ်ား YiLinker တြင္ ရွိျပီးပါျပီ။ ပိုမို စိတ္လႈပ္ရွားဖြယ္ရာ အသစ္ထြက္ ကုန္ပစၥည္းမ်ားႏွင့္ အျခားေသာ ပရိုမိုတို႔၏ သတင္းမ်ားကို ရယူရန္ ကၽြန္ုပ္တို႕၏ ဝက္ဘ္ဆိုဒ္တြင္ မွတ္ပုံတင္လိုပါက သင့္စကားဝွက္ကို ျဖည့္လိုက္ရုံႏွင့္ အားလုံးကို သတ္မွတ္ျပီး ျဖစ္ပါလိမ့္မည္။"
"Sign Up Now";"ယခုပင္ စာရင္းသြင္းလိုက္ပါ"
"Consignee Name:";"လက္ခံသူ အမည္ :"
"Justine Carl Duazo";"Justine Carl Duazo"
"Full Address:";"အမည္ အျပည့္အစုံ :"
"6F Five E-com Tower, Pacific Drive, Mall of Asia Complex, Pasay City";"6F Five E-com Tower, Pacific Drive, Mall of Asia Complex, Pasay City"
"Mobile Number:";"မိုဘိုင္း နံပါတ္ :"
09271234567;9271234567
"City/ Municipality:";"ျမိဳ႕/ ကိုယ္ပိုင္အုပ္ခ်ဳပ္ေဒသ :"
Manila;Manila
"Transaction Details";"အေရာင္းအဝယ္ အေသးစိတ္"
"Transaction Number:";"အေရာင္းအဝယ္ နံပါတ္ :"
123324234;123324234
"Invoice Number:";"ေျပစာ နံပါတ္ :"
2342q42342q34;2342q42342q34
"Payment Method:";"ေငြေပးေခ်မႈ နည္းလမ္း :"
"Cash on Delivery";"အိမ္အေရာက္ ေငြေခ်မႈ စနစ္"
"Total Amount:";"စုစုေပါင္း ပမာဏ :"
"Transaction Date:";"အေရာင္းအဝယ္ ေန႕ရက္ :"
01/21/2016;01/21/2016
"Your Order Details";"သင့္ေအာ္ဒါ အေသးစိတ္"
Product;ကုန္ပစၥည္း
Quantity;အေရအတြက္
"Size :";"ဆိုဒ္ :"
"Color :";"အေရာင္ :"
1;1
"Order Total";"ေအာ္ဒါ စုစုေပါင္း"
"Print Receipt";"ေျပစာကို ပရင့္ထုတ္ပါ"
"YiLinker adheres to the highest standards when it comes to protecting our user's sensitive data. We currently don't save your Credit/Debit Card details on our website.";"YiLinker သည္ အျမင့္မားဆုံး စံႏႈန္းျဖင့္ အစဥ္အျမဲ လုပ္ေဆာင္ေနျပီး ကၽြန္ုပ္တို႔၏ အသုံးျပဳသူ၏ ထိခိုက္လြယ္ေသာ အခ်က္အလက္မ်ားကို ကာကြယ္ေပးပါသည္။ ကၽြန္ုပ္တို႕သည္ သင္၏ အေၾကြးဝယ္ကဒ္/ ၾကိဳတင္ေငြေပးေခ်ကဒ္မ်ားကို လက္ရွိကာလ၌ ကၽြႏ္ုပ္တို႕၏ ဝက္ဘ္ဆိုဒ္တြင္ မသိႏိုင္ပါ။"
"Delivery Address:";"ေပးပို႕ရမည့္ လိပ္စာ :"
"Consignee Contact Number:";"လက္ခံသူ၏ ဆက္သြယ္ရန္ နံပါတ္ :"
"Voucher Code";"ေဘာက္ခ်ာကုဒ္"
"Invalid Or Expired Code";"မခိုင္မာေသာ သို႕မဟုတ္ သတ္မွတ္ရက္ေက်ာ္လြန္သြားေသာ ကုဒ္"
"Successfully applied code";"ကုဒ္ကို ေအာင္ျမင္စြာ ထည့္သြင္းျပီးသြားပါျပီ"
"Enter your voucher code here";"သင္၏ ေဘာက္ခ်ာကုဒ္ကို ဤေနရာတြင္ ျဖည့္ပါ"
Apply;ထည့္သြင္းပါ
"How Do You Wish To Pay?";"သင္မည္ကဲ့သို႕ ေငြေပးေခ်လိုပါသလဲ။"
"Click one of the options below";"ေအာက္ပါ ေရြးခ်ယ္မႈမ်ားထဲမွ တစ္ခုကို ႏွိပ္ပါ"
"To ensure that you'll have a smooth shopping & delivery experience, please prepare the exact amount upon the date of delivery.";"သင့္တြင္ ျပည့္စုံေခ်ာေမြ႕ေသာ ဝယ္ယူ ေပးပို႕မႈ အေတြ႕အၾကံဳ ရလာေစဖို႕ ေက်းဇူးျပဳ၍ ေပးပို႕ရက္ေပၚမူတည္၍ တိက်သည့္ ေငြပမာဏကို ျပင္ဆင္ထားပါ။"
"Your payment solution for Over-the-Counter (OTC) payments if you don't have a Credit/Debit card.";"သင့္တြင္ အေၾကြးဝယ္ကဒ္/ ၾကိဳတင္ေငြေပးေခ်ကဒ္ မရွိပါက သင့္ေငြေပးေခ်မႈကို ေတြ႕ဆုံကာ ေျဖရွင္းႏိုင္ပါသည္။"
"The Philippines' leading payment solution for Credit/Debit Card transactions.";"အေၾကြးဝယ္ကဒ္/ ၾကိဳတင္ေငြေပးေခ်ကဒ္ အေရာင္းအဝယ္အတြက္ ဖိလစ္ပိုင္၏ ဦးေဆာင္ေနေသာ ေငြေပးေခ်မႈ ေျဖရွင္းခ်က္"
"Go back";"ျပန္သြားပါ"
Continue;ဆက္လုပ္ပါ
Consignee;လက္ခံသူ
"Ship this transaction with the consignee details below.";"ေဖာ္ျပပါ လက္ခံသူ၏ အေသးစိတ္ အခ်က္အလက္မ်ားျဖင့္ ဤ အေရာင္းအဝယ္ကို ပို႕ေဆာင္ပါ"
Name;အမည္
"Enter consignee name here";"လက္ခံသူအမည္ကို ဤေနရာတြင္ ထည့္ပါ"
"Contact Number";"ဆက္သြယ္ရန္ နံပါတ္"
"Enter consignee contact number here";"လက္ခံသူ၏ ဆက္သြယ္ရန္ နံပါတ္ကို ဤေနရာတြင္ ျဖည့္ပါ"
"YiLinker Express is capable of shipping anywhere in the Philippines at affordable rates";"YiLinker အျမန္ေခ်ာပို႕သည္ သင့္ေတာ္ေသာေစ်းႏႈန္းျဖင့္ ဖိလစ္ပိုင္ရွိ မည္သည့္ေနရာတြင္မဆို ေပးပို႕ႏိုင္ပါသည္"
"YiLinker Express offers FREE shipping on Metro Manila orders only";"YiLinker အျမန္ေခ်ာပို႕သည္ Metro Manila ေအာ္ဒါမ်ားကိုသာ အခမဲ့ ေပးပို႕ေပးပါသည္"
"You'll receive the tracking details for your parcel soon after the dispatch of your order.";"သင့္ေအာ္ဒါကို ေပးပို႕ျပီးေနာက္ သင့္ပါဆယ္အတြက္ လမ္းေၾကာင္းလိုက္မႈ အေသးစိတ္ကို သင္လက္ခံရရွိပါလိမ့္မည္။"
"Ships in";"ေပးပို႕ပါ"
"No hidden fees";"ကြယ္ဝွက္ထားေသာ ကုန္က်စရိတ္မရွိပါ"
"7 days return policy";"၇ရက္အတြင္း ျပန္လည္ေပးပို႕မႈ ေပၚလစီ"
"Mobile number is required";"မိုဘိုင္းနံပါတ္ကို လိုအပ္ပါသည္"
"Enter your mobile number here";"သင့္မိုဘိုင္းနံပါတ္ကို ဤေနရာတြင္ ျဖည့္ပါ"
"New Shipping Address";"ပို႔ေဆာင္ရန္ လိပ္စာအသစ္"
"Delete Address?";"လိပ္စာကို ဖ်က္မလား။"
"Are you sure you want to delete this address";"ဤလိပ္စာအား ဖ်က္ပစ္လိုသည္မွာ ေသခ်ာပါသလား။"
Delete;ဖ်က္ပါ
"Update Shipping Address";"ပို႔ေဆာင္ရန္ လိပ္စာကို အပ္ဒိတ္လုပ္ပါ"
"Shipping address has been successfully updated";"ေပးပို႕မႈလိပ္စာကို ေအာင္ျမင္စြာ အပ္ဒိတ္လုပ္ျပီးပါျပီ"
Okay;အိုေက
"Change Mobile Number";"မိုဘိုင္း နံပါတ္ကို ေျပာင္းပါ"
"Invalid contact number";"မခိုင္မာေသာ ဆက္သြယ္ရန္ နံပါတ္ "
"Enter New Number";"နံပါတ္အသစ္ကို ထည့္ပါ"
"Enter your new number here";"သင့္နံပါတ္အသစ္ကို ဤေနရာတြင္ ျဖည့္ပါ"
Submit;ထည့္သြင္းပါ
"The code is either invalid or is already expired.";"ကုုဒ္သည္ မခိုင္မာပါ သို႕မဟုတ္ သတ္မွတ္ရက္ထက္ ေက်ာ္လြန္သြားပါျပီ။"
Verify;အတည္ျပဳပါ
"Contact number has been successfully verified.";"ဆက္သြယ္ရန္နံပါတ္ကို ေအာင္ျမင္စြာ အတည္ျပဳျပီးပါျပီ။"
"Check As";"စစ္ေဆးပါ"
"Sign In";"ဝင္ပါ"
"Guest Checkout";"ဧည့္သည္ ေငြေပးေခ်မႈ"
"Welcome to YiLinker";"YiLinker မွ ၾကိဳဆိုပါသည္"
"You cannot use the checkout functionality while you're still unverified.";"သင္သည္ အတည္မျပဳရေသးခင္ ေငြေပးေခ်မႈလုပ္ငန္းကို အသုံးမျပဳႏိုင္ပါ။"
Back;ေနာက္
"Back to Home Page";"ပင္မစာမ်က္ႏွာသို႕ျပန္သြားပါ"
"Get Our App for FREE";"ကၽြန္ုပ္တို႕၏ အပလီေကးရွင္းကို အခမဲ့ ရယူပါ"
"YiLinker - All you need in one place";"YiLinker - သင္လိုတာအားလုံးကို တစ္ေနရာတည္းမွာ ရႏိုင္တဲ့ ေနရာ"
"Coming soon";"မၾကာမီလာမည္"
;
"Be a Buyer";"ဝယ္သူ အျဖစ္"
"View our Site";"ကၽြန္ုပ္တို႕ဆိုဒ္ကို ၾကည့္ပါ"
"Be a Seller";"ေရာင္းခ်သူ အျဖစ္"
"Join Now";"ယခုပင္ ပူးေပါင္းပါ"
"Be an Affiliate";"တြဲဖက္ အျဖစ္"
"Learn More";"ပိုမိုေလ့လာပါ"
"Stay tuned! You can subscribe to our newsletter to get";"အဆက္အသြယ္ရွိေနပါေစ။ ကၽြန္ုပ္တို႕ ထုတ္လုပ္မိတ္ဆက္သည့္အခါ အသိေပးခ်က္ကို "
"a notification when we launch!";"ရယူရန္ ကၽြန္ုပ္တို႕၏ သတင္းလႊာကို ရယူပါ။"
"Enter your email address here";"သင့္အီးေမးလ္လိပ္စာကို ဤေနရာတြင္ ရိုက္ထည့္ပါ"
SUBSCRIBE;လက္ခံပါ
"+63 977-7265481";"+63 977-7265481"
"Top Brands";"နာမည္ၾကီး ကုန္အမွတ္တံဆိပ္မ်ား"
"Shop This Brand";"ဤကုန္အမွတ္တံဆိပ္ကို ဝယ္ရေအာင္"
off;ေလွ်ာ့
"Add to wislist";"ဆႏၵရွိသည့္စာရင္းထဲ ေပါင္းထည့္ပါ"
"Top Categories";"ေရပန္းစားသည့္ အမ်ဳိးအစားမ်ား"
"Shop Now";"ယခုပင္ ဝယ္လိုက္ပါ"
"Featured Items";"အထူး ကုန္ပစၥည္းမ်ား"
"view more &rarr;";"ပိုမို ၾကည့္ရႈပါ &rarr"
"Top Sellers";"ထိပ္တန္း ေရာင္းခ်သူမ်ား &rarr;"
"Seller Name";"ေရာင္းခ်သူ အမည္"
Specialty:;အထူးစပါယ္ရွယ္ :
FEATURED;အထူး
"Items You May Like";"သင္ၾကိဳက္ႏွစ္သက္ႏိုင္သည့္ ကုန္ပစၥည္းမ်ား"
"New Arrivals";"အသစ္ေရာက္ရွိသည္မ်ား"
"Banner Title";"ဘန္နာေခါင္းစဥ္"
"New Sellers";"ေရာင္းခ်သူ အသစ္"
"See What Others are Selling";"အျခားေသာ ေရာင္းခ်ေနသည္မ်ားကို ၾကည့္ပါ"
"view more sellers";"ေရာင္းခ်သူမ်ားအား ၾကည့္ရႈပါ"
"Our Recommendation";"ကၽြန္ုပ္တို႕၏ အၾကံျပဳခ်က္"
"Trending Categories";"အလားအလာရွိေသာ အမ်ဳိးအစားမ်ား"
"Recommended Seller";"အၾကံျပဳထားေသာ ေရာင္းခ်သူ"
"Free Shipping Nationwide";"ကမာၻအႏွံ႕ အခမဲ့ ပို႕ေဆာင္မႈ"
"No minimum purchase required";"အနည္းဆုံး ဝယ္ယူမႈ မလိုအပ္ပါ"
"7-day return";"၇-ရက္အတြင္း ျပန္လည္ေပးပို႕မႈ"
"Money back guaranteed";"ေငြျပန္အမ္း အာမခံ"
"24/7 Support";"24/7 ပံ့ပိုးမႈ"
"Online help";"အြန္လိုင္း အကူအညီ"
"Safe Shopping";"လုံျခံဳစိတ္ခ်ရေသာ ေစ်းဝယ္မႈ"
"Product guaranteed";"ကုန္ပစၥည္း အာမခံ"
"20% off";"20% ေလွ်ာ့ေစ်း"
"Thank You!";"ေက်းဇူးတင္ပါတယ္။"
"See you Soon!";"မၾကာမီ ျပန္ဆုံေတြ႕ပါမည္။"
"Promo Mechanics:";"ပရိုမို စက္ :"
YiLinker;YiLinker
"Campaign Period: November 16 to December 13, 2015";"လႈံ႕ေဆာ္ပြဲ ကာလ : ၂၀၁၅ ႏိုဝင္ဘာလ ၁၆ရက္ မွ ဒီဇင္ဘာလ ၁၃ရက္ထိ"
Prizes;ဆုမ်ား
"Main Prize:";"အဓိကဆု :"
"Consolation Prize:";"ႏွစ္သိမ့္ဆု :"
"How to Join?";"ဘယ္လို ပါဝင္ရမလဲ။"
"6F Five E-Com Center Pacific Drive, MOA Complex, Pasay City, Metro Manila, Philippines";"6F Five E-Com Center Pacific Drive, MOA Complex, Pasay City, Metro Manila, Philippines"
"The following are not qualified for the promo:";"ေဖာ္ျပပါသည္ ပရိုမိုအတြက္ သတ္မွတ္ခ်က္မျပည့္မီပါ :"
"Criteria for Claiming the Prize";"ဆု ေတာင္းဆိုရန္အတြက္ စံႏႈန္း"
"For a person to qualify, he/she:";"အရည္အေသြး ျပည့္မီသည့္ လူအတြက္၊ သူ/ သူမ"
"Users may join the promo by:";"အသုံးျပဳသူမ်ားသည္ ပရိုမိုတြင္ ပါဝင္ႏိုင္ပါသည္ :"
"How to Register?";"ဘယ္လို မွတ္ပုံတင္ရမလဲ။"
"How to Create an Entry?";"ဝင္ခြင့္ကို ဘယ္လိုဖန္တီးရမလဲ။"
"Terms and Condition";"စည္းမ်ဥ္းစည္းကမ္းမ်ား"
"Out of Stock";"ကုန္ပစၥည္း ျပတ္လပ္မႈ"
"7-Day Return";"၇-ရက္အတြင္း ျပန္လည္ေပးပို႕မႈ"
"Free Shipping";"အခမဲ့ ပို႕ေဆာင္မႈ"
"scroll down";"ေအာက္သို႕ဆြဲခ်ပါ"
"for more info";"အခ်က္အလက္မ်ားစြာ အတြက္"
"{0} no reviews|{1} %count% review|]1,Inf[ %count% reviews";"{0} သုံးသပ္ခ်က္မရွိ|{1} %count% သုံးသပ္ခ်က္|]1,Inf[ %count% သုံးသပ္ခ်က္မ်ား"
"Add to Wishlist";"ဆႏၵရွိသည့္စာရင္းထဲ ေပါင္းထည့္ပါ"
"Short Description";"အေၾကာင္းအရာ အတို"
Seller;ေရာင္းခ်သူ
"Free Shipping (Metro Manila only)";"အခမဲ့ ပို႕ေဆာင္မႈ (Metro Manila သာ)"
"out of stock";"ကုန္ပစၥည္း ျပတ္လပ္မႈ"
"Buy now";"ယခုပင္ ဝယ္ယူပါ"
"Share this product";"ဤကုန္ပစၥည္းကို ေဝမွ်ပါ"
Twitter;Twitter
"Description &amp; Specifications";"အေၾကာင္းအရာ &amp"
"Payment &amp; Shipping";"ေငြေပးေခ်မႈ &amp;"
"Buyer Reviews";"ဝယ္သူ သုံးသပ္ခ်က္ &amp;"
"Special Offers";"အထူးအစီအစဥ္"
Description;အေၾကာင္းအရာ
"Related Video";"ဆက္ႏြယ္ေနေသာ ဗီဒီယို"
Specifications;အေသးစိတ္ ေဖာ္ျပခ်က္
Condition;အေျခအေန
SKU;SKU
"Payment Options";"ေငြေပးေခ်မႈ ေရြးခ်ယ္ခ်က္"
"We accept all major credit cards through DragonPay &amp; PesoPay.";"DragonPay မွတဆင့္ အဓိက အေၾကြးဝယ္ကဒ္အားလုံးကို လက္ခံပါသည္"
"We do not accept other currency in any amount";"မည္သည့္ ပမာဏတြင္မဆို အျခားေသာ ေငြေၾကးအမ်ဳိးအစားကို လက္ခံမည္ မဟုတ္ပါ &amp;"
"Sellers can't require buyers to pay using methods that aren't allowed on YiLinker";"ေရာင္းခ်သူသည္ ဝယ္သူအား YiLinker တြင္ ခြင့္မျပဳထားေသာ နည္းလမ္း အသုံးျပဳမႈအား ေပးရန္မလိုအပ္ပါ"
"Shipping &amp; Handling";"ပို႕ေဆာင္မႈ &amp "
"Not available";"မရရွိႏိုင္ပါ &amp;"
"Add to wishlist";"ဆႏၵရွိသည့္စာရင္းထဲ ေပါင္းထည့္ပါ"
"No rating or review for this product yet";"ဤကုန္ပစၥည္းအတြက္ သတ္မွတ္ခ်က္ေပးျခင္း သို႕မဟုတ္ သုံးသပ္ခ်က္ေပးျခင္း မရွိပါ"
Specialty;အထူးစပါယ္ရွယ္ 
"Mark your Address";"သင့္လိပ္စာကို မွတ္သားပါ"
"Mark Location";"တည္ေနရာကို မွတ္သားပါ"
"Feedback for Product";"ကုန္ပစၥည္းအတြက္ တုန္႔ျပန္ခ်က္"
"Feedback title and content cannot be empty";"တုန္႕ျပန္ခ်က္ ေခါင္းစဥ္ႏွင့္ အေၾကာင္းအရာသည္ အလြတ္မျဖစ္ရပါ"
"Let other people know what you think about this product.";"ဤပစၥည္းႏွင့္ပတ္သတ္၍ သင္ဘာေတြးေနသည္ကို အျခားသူမ်ားသိပါေစ"
Rating:;သတ္မွတ္ခ်က္ :
Title:;ေခါင္းစဥ္ :
"Enter review title here";"သုံးသပ္ခ်က္ေခါင္းစဥ္ကို ဤေနရာတြင္ ျဖည့္ပါ"
Comment:;ေဝဖန္ခ်က္ :
"Leave a comment";"ေဝဖန္ခ်က္ ခ်န္ထားခဲ့ပါ"
"Feedback for Seller";"ေရာင္းခ်သူအတြက္ တုန္႔ျပန္ခ်က္"
"Product List";"ကုန္ပစၥည္း စာရင္း"
SKU:;SKU:
Quantity:;အေရအတြက္ :
Details:;အေသးစိတ္ :
Condition:;အေျခအေန :
"Product Price:";"ကုန္ပစၥည္း ေစ်းႏႈန္း :"
Brand:;ကုန္အမွတ္တံဆိပ္ :
Status:;အေျခအေန :
Total:;စုစုေပါင္း :
"Feedback to Seller";"ေရာင္းခ်သူအတြက္ တုန္႔ျပန္ခ်က္"
"Go to seller page";"ေရာင္းခ်သူ၏ စာမ်က္ႏွာသို႕ သြားပါ"
"Activity Log";"လုပ္ေဆာင္ခ်က္ဇယား"
Information;အခ်က္အလက္
"Followed Seller";"ေနာက္လိုက္လုပ္ထားေသာ ေရာင္းခ်သူ"
"Upload Document";"စာရြက္စာတမ္းကို အပ္ေလာဒ့္လုပ္ပါ"
"Followed Sellers";"ေနာက္လိုက္လုပ္ထားေသာ ေရာင္းခ်သူ"
OOOooops!!!;OOOooops!!!
"It looks like you haven't followed any Sellers yet. Checkout our homepage and follow some of the best Sellers that we have on YiLinker.";"သင္သည္ မည္သည့္ ေရာင္းခ်သူကိုမွ ေနာက္လိုက္မလုပ္ရေသးပုံရပါသည္။ သင့္ ပင္မစာမ်က္ႏွာကို စစ္ေဆးျပီး YiLinker တြင္ရွိေသာ အေကာင္းဆုံး ေရာင္းခ်သူအခ်ဳိ႕ကို ေနာက္လိုက္လုပ္ပါ။"
"My Points";"ကၽြန္ုပ္၏ ပိြဳင့္"
"Basic Information";"အေျခခံ အခ်က္အလက္"
"Email verification sent.";"အီးေမးလ္ အတည္ျပဳခ်က္ ေပးပို႕ျပီး။"
"Something went wront. Please try again later";"တစ္စုံတစ္ခု မွားယြင္းေနပါသည္။ ေက်းဇူးျပဳ၍ ေနာက္ထပ္ ၾကိဳးစားပါ"
"Information successfully updated.";"အခ်က္အလက္ ေအာင္ျမင္စြာ အပ္ဒိတ္လုပ္ျပီး။"
"First Name";"နာမည္ ပထမစာလုံး"
"Enter your first name here";"သင့္အမည္ ပထမစာလုံးကို ဤေနရာတြင္ ျဖည့္ပါ"
"Last Name";"နာမည္ ေနာက္ဆုံးစာလုံး"
"Enter your last name here";"သင့္အမည္ ေနာက္ဆုံးစာလုံးကို ဤေနရာတြင္ ျဖည့္ပါ"
"Mobile Number";"မိုဘိုင္း နံပါတ္"
Change;ေျပာင္းလဲပါ
"Mobile number is not yet verified.";"မိုဘိုင္းနံပါတ္ကို အတည္မျပဳရေသးပါ။"
"Click here to verify";"အတည္ျပဳရန္ ဤေနရာကို ႏွိပ္ပါ"
"Kindly enter your contact number.";"သင့္ဆက္သြယ္မႈ နံပါတ္ကို ျဖည့္သြင္းပါ။"
"Verified mobile number";"အတည္ျပဳထားေသာ မိုဘိုင္း နံပါတ္"
"Account Information";"အေကာင့္ အခ်က္အလက္"
"Enter your email here";"သင့္အီးေမးလ္ကို ဤေနရာတြင္ ရိုက္ထည့္ပါ"
"Your Referral Code";"သင့္ အညႊန္းကုဒ္"
"Copy Link.";"လင့္ခ္ကို ကူးပါ"
"Copy Code";"ကုဒ္ကို ကူးပါ"
"Referral Person";"အညႊန္း လူ"
"Referrers Name:";"ရည္ညႊန္းသူ အမည္ :"
"Referrers Code:";"ရည္ညႊန္းသူ နံပါတ္ :"
Save;သိမ္းဆည္းပါ
"Shipping Address";"ပို႔ေဆာင္ရန္ လိပ္စာ"
"Save Changes";"ေျပာင္းလဲမႈမ်ားကို သိမ္းပါ"
"New Shippping Address";"ပို႔ေဆာင္ရန္ လိပ္စာအသစ္"
"Pin your address to map";"သင့္လိပ္စာကို ေျမပုံေပၚတြင္ တြယ္ထားပါ"
"Home Address";"အိမ္လိပ္စာ"
"Unit Number";"အခန္းနံပါတ္"
"Building Name";"အေဆာင္နံပါတ္"
"Street Number";"လမ္းနံပါတ္"
"Street Name";"လမ္းအမည္"
Subdivision;ျပည္နယ္ခြဲ
"Select your province";"သင့္ခရိုင္ကို ေရြးခ်ယ္ပါ"
"Select your city";"သင့္ျမိဳ႕ကို ေရြးခ်ယ္ပါ"
"Select your Barangay";"သင့္Barangay ကို ေရြးခ်ယ္ပါ"
Zipcode;စာပို႕ကုဒ္
"Select your City";"သင့္ျမိဳ႕ကို ေရြးခ်ယ္ပါ"
"Apply Changes";"ေျပာင္းလဲမႈမ်ားကို လုပ္ေဆာင္ပါ"
"Change Email Address";"အီးေမးလ္လိပ္စာကို ေျပာင္းပါ"
"Enter your new email address here";"သင့္အီးေမးလ္လိပ္စာအသစ္ကို ဤေနရာတြင္ ရိုက္ထည့္ပါ"
"Confirm your new email address here";"သင့္အီးေမးလ္လိပ္စာအသစ္ကို ဤေနရာတြင္ အတည္ျပဳပါ"
"Change Password";"စကားဝွက္ ေျပာင္းပါ"
"Enter your current password here";"သင့္လက္ရွိစကားဝွက္ကို ဤေနရာတြင္ ရိုက္ထည့္ပါ"
"Enter your new password here";"သင့္စကားဝွက္အသစ္ကို ဤေနရာတြင္ ျဖည့္ပါ"
"Confirm your new password here";"သင့္စကားဝွက္အသစ္ကို ဤေနရာတြင္ အတည္ျပဳပါ"
"My Profile";"ကၽြန္ုပ္၏ ပရိုဖိုင္"
Transaction;အေရာင္းအဝယ္
"All Transactions";"အေရာင္းအဝယ္အားလုံး"
On-Delivery;ေပးပို႕ေနသည္
"For Feedback";"တုန္႕ျပန္မႈ အတြက္"
"Crop Photo";"သီးႏွံ ဓာတ္ပုံ"
"Select Products";"ကုန္ပစၥည္းမ်ားအား ေရြးခ်ယ္ပါ"
Category;အမ်ဳိးအစား
"Electronics &amp; Gadgets";"လွ်ပ္စစ္ပစၥည္းမ်ား &amp"
Accessories;ဆက္စပ္ပစၥည္းမ်ား &amp;
"Product to Sell";"ေရာင္းခ်ရန္ ကုန္ပစၥည္း"
"Search item here";"ဤေနရာတြင္ ကုန္ပစၥည္းကို ရွာပါ"
"All Products";"ကုန္ပစၥည္းမ်ား အားလုံး"
"Sample er wer wer wer we rwe r";"နမူနာ er wer wer wer we rwe r"
"Your inbox is currently empty.";"သင့္စာေသတၱာအတြင္း လက္ရွိတြင္ ဘာမွ မရွိပါ။"
"Point Earned";"ပိြဳင့္ဝင္ေငြ"
Breakdown;စိစစ္ျခင္း
"|{1} ပိြဳင　
                                                |]1,Inf[ Points";"|{1} ပိြဳင
                                                |]1,Inf[ ပိြဳင"　
"We understand how frustrating it can be when there's a problem with one of your transactions. One of the benefits of using YiLinker is that you can take advantage of our Resolution Center to help you track, manage and resolve it as quickly as possible with absolute transparency.";"သင့္အေရာင္းအဝယ္တစ္ခုတြင္ ျပႆနာရွိေနေသာအား ဘယ္လို အက်ဳိးမဲ့မႈ ျဖစ္ႏိုင္သလဲဆိုတာ ကၽြန္ုပ္တို႕နားလည္ပါတယ္။ YiLinker ကို အသုံးျပဳရသည့္ အက်ဳိးရလဒ္တစ္ခုမွာ သင့္အား လမ္းေၾကာင္းလိုက္ရန္၊ စီမံခန္႕ခြဲရန္ႏွင့္ ေျဖရွင္းေပးရန္အတြက္ ပြင့္လင္းျမင္သာ၍ လ်င္ျမန္စြာ ကူညီေပးႏိုင္ရန္ ကၽြန္ုပ္တို႕၏ ေျဖရွင္းေရး စင္တာ၏ အက်ဳိးေက်းဇူးမ်ားကို ရရွိႏိုင္ျခင္းပင္ျဖစ္ပါသည္။"
"Before filing for a dispute, please make sure that you've exhausted all efforts in reaching an agreement with the the other party. Decisions made by our specialists will be deemed final and will only be reopened when new evidence has been presented by one of the parties. We try to resolve cases as quickly as possible, but some may take longer depending on its circumstances.";"အျငင္းပြားမႈအတြက္ မေပးပို႕မီ ေက်းဇူးျပဳ၍ အျခားေသာ ပါတီမ်ားႏွင့္ သေဘာတူညီခ်က္ ရွိသည့္ ၾကိဳးပမ္းမႈအားလုံးကို လုပ္ျပီးေၾကာင္း ေသခ်ာပါေစ။ ကၽြန္ုပ္တို႕၏ ကၽြမ္းက်င္သူမ်ားခ်မွတ္ေပးေသာ ဆုံးျဖတ္ခ်က္မ်ားကို ေနာက္ဆုံး စဥ္းစားဆုံးျဖတ္ျပီး ခိုင္လုံမႈ အသစ္ကို ပါတီတစ္ခုခုမွ ေဖာ္ျပခဲ့ျပီးျဖစ္သည့္အခါ ျပန္လည္ဖြင့္ရပါမည္။ ကိစၥရပ္မ်ားကို ျမန္ႏိုင္သမွ်ျမန္ေအာင္ ေျဖရွင္းႏိုင္ဖို႕ ကၽြန္ုပ္တို႕ ၾကိဳးစားေနေသာ္လည္း အခ်ိဳ႕မွာမူ အေျခအေနေပၚမူတည္၍ ၾကာႏိုင္ပါသည္။"
"File a dispute";"အျငင္းပြားမႈဖိုင္ကို ေပးပို႕ပါ"
Cases;အေၾကာင္းအရာမ်ား
"Search By Case Id";"အေၾကာင္းအရာ အိုင္ဒီျဖင့္ ရွာပါ"
Search;ရွာေဖြပါ
Filter;စစ္ထုတ္ပါ
"Case ID";"အေၾကာင္းအရာ အိုင္ဒီ"
"Dispute Title";"အျငင္းပြားမႈ ေခါင္းစဥ္"
Status;အေျခအေန
"Other Party";"အျခားေသာ အဖြဲ႕အစည္း"
"Date Opened";"ဖြင့္ခဲ့ေသာ ေန႔ရက္"
Open;ဖြင့္ပါ
Closed;ပိတ္ထားပါသည္
"No case found";"မည္သည့္ အေၾကာင္းအရာမွ ရွာမေတြ႕ပါ"
"Enter title here";"ေခါင္းစဥ္ကို ဤေနရာတြင္ ျဖည့္ပါ"
"Dispute Type";"အျငင္းပြားမႈ အမ်ဳိးအစား"
"Select dispute type here";"အျငင္းပြားမႈ အမ်ဳိးအစားကို ဤေနရာတြင္ ေရြးခ်ယ္ပါ"
"Transaction No.";"အေရာင္းအဝယ္ နံပါတ္"
"Select transaction here";"အေရာင္းအဝယ္ကို ဤေနရာတြင္ ေရြးခ်ယ္ပါ"
"Select reason here";"အေၾကာင္းအရင္းကို ဤေနရာတြင္ ေရြးခ်ယ္ပါ"
"Select item to dispute:";"အေခ်အတင္ ေဆြးေႏြးရန္ ကုန္ပစၥည္းကို ေရြးခ်ယ္ပါ :"
Remarks;မွတ္ခ်က္မ်ား
"Leave your remarks here";"သင့္မွတ္ခ်က္မ်ားကို ဤေနရာတြင္ ခ်န္ခဲ့ပါ"
"Your case has been successfully submitted";"သင့္ကိစၥရပ္မ်ားကို ေအာင္ျမင္စြာ ထည့္သြင္းျပီးပါျပီ"
"To be approved by Admin.";"စီမံခန္႕ခြဲသူမွ လက္ခံအတည္ျပဳရန္"
OPEN;ဖြင့္သည္
CLOSED;ပိတ္ထားသည္
"Dispute Details";"အျငင္းပြားမႈ အေသးစိတ္"
Reason:;အေၾကာင္းအရင္း :
Items:;ကုန္ပစၥည္းမ်ား :
"No remarks";"မွတ္ခ်က္ မရွိပါ"
Contacts;အဆက္အသြယ္မ်ား
Notifications;အသိေပးခ်က္မ်ား
"SMS Notifications";"SMS အသိေပးခ်က္မ်ား"
"Aside from your email, you'll also receive marketing announcements on your mobile by default. You can choose whether you want to receive SMS notifications.";"သင့္အီးေမးလ္မွ ပုံေသအေနျဖင့္ သင့္မိုဘိုင္းေပၚတြင္ ေစ်းကြက္ ေၾကျငာခ်က္မ်ားကို လက္ခံရရွိႏိုင္ပါသည္။ သင္သည္ SMS အသိေပးခ်က္ကို လက္ခံလိုသည္ မလိုသည္ကို ေရြးခ်ယ္ႏိုင္ပါသည္။"
"Account setting";"အေကာင့္ ခ်ိန္ညိွခ်က္"
"Deactivate My Account";"ကၽြန္ုပ္အေကာင့္အား သက္ဝင္လႈပ္ရွားမႈမွ ရပ္တန္႕ပါ"
"We'd really hate to see you go but, you still get to decide whether you want to keep your account active or deactivate it. Other people with whom you have transacted with will still have a record of your transactions details including, but not limited to your name & contact number. You will also receive an email that contains a reactivation link should you wish to reactivate your account at a future time.";"သင္ထြက္သြားသည္ကို ျမင္ရတာ မႏွစ္သက္ေသာ္လည္း သင့္အေကာင့္ကို သက္ဝင္လုပ္ေဆာင္ျခင္း သို႕မဟုတ္ သက္ဝင္လုပ္ေဆာင္မႈမွ ရပ္တန္႕ျခင္းကို သင္စိတ္ၾကိဳက္ ဆုံးျဖတ္ႏိုင္ပါသည္။ သင္ႏွင့္ အေရာင္းအဝယ္လုပ္ျပီးေသာ အျခားလူမ်ားတြင္ သင့္အေရာင္းအဝယ္မွတ္တမ္း အေသးစိတ္ကို ရရွိမည္ျဖစ္ေသာ္လည္း သင့္အမည္ ႏွင့္ ဆက္သြယ္ရန္ နံပါတ္ကို ကန္႕သတ္ထားျခင္းမရွိပါ။ သင္သည္ အနာဂတ္တြင္ သင့္အေကာင့္ကို ျပန္လည္ သက္ဝင္လႈပ္ရွားမႈ ျပဳလုပ္ရန္ ဆႏၵရွိပါက လုပ္ႏိုင္ရန္ ျပန္လည္သက္ဝင္လုပ္ေဆာင္မႈ လင့္ခ္ပါရွိသည့္ အီးေမးလ္ကို လက္ခံရရွိပါလိမ့္မည္။"
"The password you entered is invalid.";"သင္ထည့္သြင္းထားေသာ စကားဝွက္သည္ မခိုင္မာပါ"
"Please enter your password to confirm your account deactivation.";"သင့္အေကာင့္အား သက္ဝင္လႈပ္ရွားမႈမွ ရပ္တန္႕မႈကို အတည္ျပဳရန္ သင့္စကားဝွက္ကို ေက်းဇူးျပဳျပီး ထည့္သြင္းပါ။ "
Deactivate;သက္ဝင္လုပ္ေဆာင္မႈကို ရပ္တန္႕ပါ
"Account has been successfully deactivated.";"အေကာင့္အား ေအာင္ျမင္စြာျဖင့္ သက္ဝင္လုပ္ေဆာင္မႈကို ရပ္တန္႕ျပီးပါျပီ။"
"A reactivation email has been to your email should you wish to reneable your account.You will be logged out now.";"သင့္အေကာင့္ကို သင္ျပန္ဖြင့္လိုပါက ဖြင့္ႏိုင္ရန္ သင့္အီးေမးလ္သို႕ ျပန္လည္ သက္ဝင္လႈပ္ရွားမႈ အီးေမးလ္ကို ေပးပို႕ျပီး ျဖစ္ပါသည္။ သင္သည္ ယခု ထြက္သြားပါေတာ့မည္။"
"Are you sure you want to proceed?";"လုပ္ေဆာင္လိုသည္မွာ ေသခ်ာပါသလား။"
"You are about to change the subscription status of your active mobile number.";"သင္၏ သက္ဝင္လုပ္ေဆာင္မႈရွိသည့္ မိုဘိုင္းနံပါတ္၏ ေပးသြင္းေငြ အေျခအေနကို ေျပာင္းလဲႏိုင္ပါသည္။"
"This Year";"ယခုႏွစ္"
"This Week";"ယခုအပတ္"
"This Month";"ယခုလ"
Date;ေန႔ရက္
Qty;အေရအတြက္
"Payment Type";"ေငြေပးေခ်မႈ အမ်ဳိးအစား"
"Order Status";"ေအာ္ဒါ အေျခအေန"
"No transaction available";"မည္သည့္အေရာင္းအဝယ္မွ မရရွိႏိုင္ပါ"
"Go Back";"ျပန္သြားပါ"
"Transaction Number";"အေရာင္းအဝယ္ နံပါတ္"
Details;အေသးစိတ္
"Payment Type:";"ေငြေပးေခ်မႈ အမ်ဳိးအစား :"
"Date Created:";"ဖန္တီးခဲ့ေသာ ေန႔ရက္ :"
"Total Quantity:";"စုစုေပါင္း အေရအတြက္ :"
Subtotal:;စုစုေပါင္း :
"Shipping Fee:";"ပို႕ေဆာင္ခ :"
FREE;အခမဲ့
"Voucher Code:";"ေဘာက္ခ်ာကုဒ္ :"
"Voucher Price Deduction:";"ေဘာက္ခ်ာ ေစ်းႏႈန္း ျဖတ္ေတာက္မႈ :"
"Total Cost:";"စုစုေပါင္း ကုန္က်စရိတ္ :"
"Cancel Order";"ေအာ္ဒါကို ပယ္ဖ်က္ပါ"
"Feedback sent";"တုန္႕ျပန္မႈ ပို႕ျပီး"
"Feedback has been successfully submitted.";"တုန္႕ျပန္မႈကို ေအာင္ျမင္စြာ ထည့္သြင္းျပီးပါျပီ"
Informatio;အခ်က္အလက္
"Upload your document";"သင့္စာရြက္စာတမ္းကို အပ္ေလာဒ့္လုပ္ပါ"
"Only PDF, PNG, JPEG files are accepted";"PDF, PNG, JPEG ဖိုင္မ်ားကိုသာ လက္ခံပါသည္"
Upload;အပ္ေလာဒ့္
"Uploaded Documents";"အပ္ေလာဒ့္လုပ္ထားေသာ ဖိုင္မ်ား"
"Add a feedback to this store to let other people know what you think. Your opinions matter to us.";"သင္ဘာေတြးေနတယ္ဆိုတာ အျခားလူမ်ားသိေစရန္ ဤစတိုးအတြက္ တုန္႔ျပန္ခ်က္ကို ေပါင္းထည့္ပါ။ သင့္ထင္ျမင္ခ်က္မ်ားကို ေျပာျပပါ"
"Communication Rating:";"လူမႈဆက္ဆံေရး သတ္မွတ္ခ်က္ :"
"Quality Rating:";"အရည္အေသြး သတ္မွတ္ခ်က္ :"
"PROMO CODE:";"ပရိုမို ကုဒ္ :"
"Terms and Conditions:";"စည္းမ်ဥ္းစည္းကမ္းမ်ား :"
"Promo Period:";"ပရိုမို ကာလ :"
"SIGN UP NOW";"ယခုပင္ စာရင္းသြင္းလိုက္ပါ"
"SHOP NOW";"ယခုပင္ ဝယ္လိုက္ပါ"
*;*
"Store Location";"စတိုး တည္ေနရာ"
"Need Assistance?";"အကူအညီ လိုအပ္ပါသလား။"
"SEND MESSAGE";"မက္ေဆ့ဂ်္ကို ေပးပို႕ပါ"
"Send Message";"မက္ေဆ့ဂ်္ကို ေပးပို႕ပါ"
"Enter your message here";"သင့္မက္ေဆ့ဂ်္ကို ဤေနရာတြင္ ရိုက္ထည့္ပါ"
"Unfollow Seller";"ေရာင္းခ်သူအား ေနာက္လိုက္မလုပ္ေတာ့ပါ"
"Follow Seller";"ေရာင္းခ်သူအား ေနာက္လိုက္လုပ္ပါ"
About;အေၾကာင္းအရာ
"What People";"လူေတြက"
"Are saying";"ဘာေျပာသလဲ"
Products;ကုန္ပစၥည္း
"Store Information";"စတိုးအခ်က္အလက္"
Feedbacks;တုန္႕ျပန္မႈမ်ား
"Search For Products";"ကုန္ပစၥည္းမ်ားကို ရွာေဖြပါ"
"Resend Email Verification";"အီးေမးလ္ အတည္ျပဳခ်က္ကို ျပန္လည္ေပးပို႕ပါ"
"Register | YiLinker Online.com";"မွတ္ပုံတင္ပါ | YiLinker Online.com"
"Sign In | YiLinker Online.com";"ဝင္ပါ | YiLinker Online.com"
"All in one place";"တစ္ေနရာတည္းတြင္ ျပီးျပည့္စုံမႈ"
"Shoes in one place";"တစ္ေနရာတည္းရွိ ဖိနပ္မ်ား"
"Camera in one place";"တစ္ေနရာတည္းရွိ ကင္မရာမ်ား"
"Sign in";"ဝင္ပါ"
Register;မွတ္ပုံတင္ပါ
"Password reset success.";"စကားဝွက္ ျပန္လည္သတ္မွတ္မႈ ေအာင္ျမင္ပါသည္"
"Email Verified.";"အီးေမးလ္ အတည္ျပဳျပီး"
"Failed merging account. Please try again later.";"အေကာင့္ ေပါင္းစပ္မႈ မေအာင္ျမင္ပါ။ ေက်းဇူးျပဳ၍ ေနာက္ထပ္ ၾကိဳးစားပါ"
"Failed merging account. Account is already registered.";"အေကာင့္ ေပါင္းစပ္မႈ မေအာင္ျမင္ပါ။ အေကာင့္သည္ မွတ္ပုံတင္ျပီးသား ျဖစ္ပါသည္။"
"Enter your email or contact number here";"သင့္အီးေမးလ္ သို႕မဟုတ္ ဆက္သြယ္ရန္ နံပါတ္ကို ဤေနရာတြင္ ျဖည့္ပါ"
"Remember Me";"ကၽြန္ုပ္အား မွတ္ထားပါ"
"Forgot Password?";"စကားဝွက္ေမ့သြားပါသလား။"
"Sign in with social media";"လူမႈမီဒီယာမွ ဝင္ပါ"
"Merge with Social Media Account";"လူမႈမီဒီယာ အေကာင့္ျဖင့္ ေပါင္းစပ္ပါ"
"Browse our products";"ကၽြန္ုပ္တို႕၏ ကုန္ပစၥည္းမ်ားကို ၾကည့္ရႈပါ"
"Reset Password";"စကားဝွက္ ျပန္လည္သတ္မွတ္ပါ"
"Featured Products";"အထူး ကုန္ပစၥည္းမ်ား"
"12% off";"12% ေလွ်ာ့ေစ်း"
"Yilinker - Category";"Yilinker - အမ်ဳိးအစား"
"Yilinker - Daily Login";"Yilinker - ေန႕စဥ္ အဝင္"
Mechanics:;စက္ပစၥည္းမ်ား :
"Yilinker - Flash Sales";"Yilinker - ေစ်းေရာင္းပြဲ"
BUY;ဝယ္ပါ
"loading more items";"ကုန္ပစၥည္းမ်ားအား ပိုမိုရရွိရန္ လုပ္ေဆာင္ေနပါသည္"
"Yilinker - Product list";"Yilinker - ကုန္ပစၥည္း စာရင္း"
"Yilinker - Store";"Yilinker - စတိုး"


