"Women Clothing";"Ropa femenina"	
"&rarr";"&rarr;"	
"Men Clothing";"ropa masculina"	
Shoes;Zapatos	
"Bags &amp Accessories";"Bolsos y accesorios"	
Electronics;Electrónica	
"Kids &amp Babies";"Niños y bebes"	
"Jewellery &amp Accessories";"Joyería y accesorios"	
"Sports &amp Outdoors";"Deporte y dep al aire libre"	
"Health &amp Beauty";"Salud y belleza"	
"Home, Garden &amp Office";"Casa, jardín y oficina"	
Dress;Vestidos	
Topwear;Ropa exterior	
Pants;Pantalones  	
Fashion;Moda	
Underclothes;Ropa interior	
"Product Name";"Nombre del producto"	
Jacket;Chaqueta	
Suits;Trajes	
T-shirt;camiseta	
Polo;Polo	
"Pants &amp Jeans";"Pantalones y Vaqueros"	
Sweater;Suéter	
Underwear;Ropa interior	
"Women's Shoes";"Zapatos femeninos"	
"Men's Shoes";"Zapatos masculinos"	
Slippers;Zapatillas	
Boots;Botas	
"Work Shoes";"Zapatos de trabajo"	
"Women's Bag";"Bolso femeninos"	
"Men's Bag";"Bolsa de los hombres"	
"Luggage &amp Travel Gear";"maletas y cosas para viajes"	
"Women's Accessories";"Accesorios femeninos"	
"Men's Accessories";"Accesorios masculinos"	
"Cell Phone";"Teléfono móvil"	
"Camera, Photo &amp Video";"Cámara, Foto y  vídeo"	
"Computer &amp Laptop";"Computadora y portátiles"	
"Wearable Technology";"Tecnología portátil"	
"Electronics Accessories";"Accesorios para electrónica"	
"Kids Clothing";"Ropa infantil"	
"Kids Shoes";"Zapatos infantiles"	
Toys;Juguetes	
"Babies Gear";"Cosas para bebes"	
"Maternity Care";"Cuidado de maternidad"	
Watch;Reloj	
Jewellery;Joyería	
Glasses;Gafas	
"Hair Ornament";"ornamento para el pelo"	
"Other Accessories";"Otros accesorios"	
"Sport Clothing";"Ropa de deporte"	
"Sport Shoes";"Zapatillas de deporte"	
"Sport Equipment";"Equipo de deporte"	
Outdoors;Para deporte al aire libre	
"Dance &amp";"Baile"	
"Sports Accessories";"Accesorios para deporte"	
"Skin Care";"Protección de la piel"	
Makeup;Maquillaje	
"Men's Care";"Artículos masculinos para el cuidado"	
"Personal Care";"Cuidado personal"	
"Health Care";"Cuidado de la salud"	
Furniture;Mueble	
Appliance;Dispositivos	
"Home Decor";"Decoración del hogar"	
"Bed &amp Bath";"Para baño y cama"	
"Kitchen &amp Dining";"Para cocina y comedor"	
"Window Treatments";"Tratamientos para ventanas"	
"Tools &amp Hardware";"Herramientas y  hardware"	
Stationery;Papelería	
"You have"; "Usted tiene"	
"on your shopping cart";"En su cesta de compra"	
"Payment Method";"Método de pago"	
Total;Total	
"Continue Shopping";"Seguir comprando"	
"Proceed to Checkout";"Pagar"	
"&nbsp";"& nbsp"	
"Schonning Watch (red, metal, large)";"Reloj Schonning (rojo, metal, grande)"	
"Schonning Watch";"Reloj Schonning "	
Size;Tamaño	
Color;Color	
Metal;Metal	
"Philips Series 500";"Serie Philips 500"	
Subtotal;Subtotal	
"Shipping Fee";"Gastos de envío"	
Free;Gratis	
"(Metro Manila only)";"(Sólo Metro Manila)"	
Small;Pequeño	
Red;Rojo	
Steel;Acero	
"Add to Cart";"Agregar a la cesta"	
"Powered by:";"Desarrollado por:"	
"To Do business";"Hacer negocios"	
"Login as seller";"Inicio de sesión como vendedor"	
"Login as affiliate";"Inicio de sesión como afiliado"	
"Help &amp Support";"Servicio de asistencia"	
"Your account";"Su cuenta"	
"Your order";"Su pedido"	
"Resolution Center";"Centro de solución"	
"Complaints";"Reclamaciones"	
Privacy Policy;Política de privacidad	
"Contact Us";"Contáctenos"	
"Related Links";"Enlaces relacionados"	
"Download our app";"Descargar nuestra aplicación"	
"Download our app (via QR Code)";"Descarga nuestra aplicación (a través del código QR)"	
"for apple";"para Apple"	
"for android";"para Androide"	
"Email Newsletter";"Boletín electrónico"	
"Get the word out. Make sure you don't miss out on interesting events, sale, and more by joining our newsletter program.";"Voz a voz. Asegúrese de no perderse eventos interesantes, rebajas, y más al unirse a nuestro programa del boletín de noticias."	
"Subscribe";"Suscribir"	
"&copy 2015 YiLinker. Trademarks and brands are the property of their respective owners.";"YiLinker Copia 2015. Las marcas registradas y marcas citadas son propiedad de sus respectivos propietarios."	
FAQ;Preguntas frecuentes	
"Shipping &amp delivery";"Envío y Entrega"	
"Return Policy";"Política de devoluciones"	
"Terms of use";"Términos de Uso"	
"Contact us";"Contáctenos"	
Payment;Pago	
"Get the word out. Make sure you didn't miss interesting events, sale, and more by joining our newsletter program.";"Voz a voz. Asegúrese de no perderse eventos" interesantes, rebajas, y más al unirse a nuestro programa del boletín de noticias.	
"Your current browser was developed over a decade ago,";"Tu navegador actual tiene mas de una década de ser desarrollado "	
"its like watching TV in black and white in 2015!";"Es como en el año 2015, viendo en blanco y negro!"	
"Please view the website in one of these modern browsers";"Por favor, consulte la página web de uno de estos navegadores actualizados"	its like watching TV in black and white in 2015!";"Es como en el año 2015, viendo en blanco y negro!"
download;Descargar	
"google chrome";"Google Chrome"	
"mozilla firefox";"Mozilla Firefox"	
"apple safari";"Safari de Apple"	
Categories;Categorías	
Search...;Buscar...	
"Suggested Search";"Búsqueda sugerida"	
"(eg. mobile, dress, toys, etc...)";"(Por ejemplo. Móvil, vestido, juguetes, etc. ...)"	
English;Inglés	
Chinese;Chino	
Canada;Canadá	
"For Android";"Para Android"	
"For IOS";"para IOS"	
"on your wishlist";"en su lista de artículos deseados"	
"0 items";"0 artículos"	
"on your cart";"en su carrito de compra"	
"Account Management";"Gestión de cuenta"	
Settings;Configuraciones 	
Messages;Mensajes	
Help;Ayuda	
Logout;Cerrar sesión	
Sign-Up;Regístrate	
Log-In;Iniciar sesión	
"Filter Area:";"Área de filtro:"	
Sub-Category;Subcategoría	
All;Todas	
Price;Precio	
"Price Range";"Rango de precios"	
Brand;Marca	
"More Filter";"Más filtros"	
"Sort By:";"Ordenar por:"	
Relevance;Relevancia	
"New to Old";"De nuevo a viejo"	
"Old to New";"De viejo a nuevo"	
Alphabetical;Alfabéticamente	
Popularity;Lo mas popular	
of;de	
"View By:";"Ver por:"	
"Add to cart";"Agregar a la cesta"	
"You have 0 items on your wishlist";"Tiene 0 artículos en su lista de artículos deseados"	
"All Categories";"Todas las categorías"	
Home;Página principal	
"Sub Category:";"Subcategoría:"	
More;Más	
Less;Menos	
"view more";"Ver más"	
"Edit Address";"Editar dirección"	
"Delete Address";"Eliminar dirección"	
"See More";"Ver más"	
"Ship To";"Enviar a"	
"New Address";"Nueva dirección"	
Proceed;Proceder	
"Guest Checkout allows you to purchase from our website even if you aren't registered. After your purchase has been completed you'll still have the option to register for an account.";"El pedido para invitados le permite comprar desde nuestro sitio web, incluso si no está registrado. Después de realizar la compra, aun tendrá la opción de registrarse para obtener una cuenta."	
"Verify Number";"Verificar el número "	
"Verification code has been successfully resent";"El código de verificación ha sido reenviado con éxito"	
"You are about to change your contact number, please ensure that your mobile phone is within reach before you proceed with this step.";"Está a punto de cambiar su número de contacto, por favor asegúrese de tener el teléfono móvil a su alcance antes de continuar con este paso."	
"Please enter the 6 digit code that was sent to your mobile phone";"Por favor, introduzca el código de 6 dígitos que le fue enviado a su teléfono móvil"	
"Time Left:";"Tiempo restante:"	
"0";"0"	
"Enter Code";"Introduzca el código"	
"Enter your verification code";"Introduzca el código de verificación"	
Cancel;Cancelar	
"Resend Code";"Reenviar código"	
"Verify and Continue";"Verificar y continuar"	
"Checkout Type";"tipo de pago"	
Summary;Resumen	
Overview;Visión general	
Email/Mobile;Correo electrónico / Móvil	
"Enter your email/mobile here";"Ingrese aquí su correo electrónico / móvil" 	
Password;Contraseña	
"Enter your password here";"Introduzca aquí su contraseña" 	
"Sign In &amp";"Iniciar sesión"	
"or sign in with";"o inicia sesión con"	
Facebook;Facebook	
Google+;Google+	
"Order Summary";"Resumen de la orden de pedido"	
"Grand Total";"Suma total"	
"Voucher Deduction";"Deducción por vales"	
"There are no items to checkout.";"No hay artículos para pagar."	
"Go back to checkout";"Volver a pago"	
Congratulations;Felicitaciones	
"Your purchase was a success";"Su compra ha sido exitosa"	
"Want to buy more items similar to this?";"¿Desea comprar más artículos similares a éste?"	
"Congratulations on a successful purchase! While waiting for your product to arrive, we suggest checking out other related products that you just bought.";"¡Felicitaciones por una compra exitosa! Mientras espera de que su producto llegue, le sugerimos mirar otros productos relacionados con los que  acaba de comprar."	
"View Transaction";"Ver Transacción"	
or;o	
"Would you like to register an account?";"¿Le gustaría registrar una cuenta?"	
"Based on the information that you've provided in your order, YiLinker already has your basic information that's needed in creating an account. If you'd like to register on our website to receive more exciting news about our upcoming products & other promos, just enter your password and you're all set.";"Con base en la información proporcionada en su orden de pedido, YiLinker ya cuenta con su información básica que se necesita para crear una cuenta. Si desea registrarse en nuestra web para recibir más noticias sobre nuestros futuros productos y otras promociones, solo debe ingresar la contraseña y es así de fácil"	
"Sign Up Now";"Regístrese Ahora"	
"Consignee Name:";"Nombre del destinatario:"	
"Justine Carl Duazo";"Justine Carl Duazo"	
"Full Address:";"Dirección completa:"	
"6F Five E-com Tower, Pacific Drive, Mall of Asia Complex, Pasay City";"6F Cinco E-com To, Pacific Drive, Mall of Asia Complex, Pasay City"	
"Mobile Number:";"Número de teléfono móvil:"	
9271234567;9271234567	
"City/ Municipality:";"Ciudad / Municipio:"	
Manila;Manila	
"Transaction Details";"Detalles de la transacción"	
"Transaction Number:";"Número de transacción:"	
123324234;123324234	
"Invoice Number:";"Número de factura:"	
2342q42342q34;2342q42342q34	
"Payment Method:";"Método de pago:"	
"Cash on Delivery";"Pago contra entrega"	
"Total Amount:";"Cantidad total:"	
"Transaction Date:";"Fecha de Transacción:"	
01/21/2016;01/21/2016	
"Your Order Details";"Detalles de su pedido"	
"Product";"Producto"	
Quantity;Cantidad	
"Size :";"Tamaño :"	
"Color :";"Color:"	
1;1	
"Order Total";"Total de la orden de pedido"	
"Print Receipt";"Imprimir el recibo"	
"YiLinker adheres to the highest standards when it comes to protecting our user's sensitive data. We currently don't save your Credit/Debit Card details on our website.";"YiLinker se adhiere a los estándares más altos cuando se trata de proteger los datos sensibles de nuestros usuarios. Nosotros no guardamos en nuestra página web los datos de su tarjeta de crédito / débito."	
"Delivery Address:";"Dirección de entrega:"	
"Consignee Contact Number:";"Teléfono de contacto del destinatario:"	
"Voucher Code";"Código de cupón"	
"Invalid Or Expired Code";"Código no válido o caducado"	
"Successfully applied code";"Código aplicado correctamente"	
"Enter your voucher code here";"Introduzca aquí su código de cupón "	
Apply;Aplicar	
"How Do You Wish To Pay?";"¿Cómo desea pagar?"	
"Click one of the options below";"Haga clic en una de las siguientes opciones"	
"To ensure that you'll have a smooth shopping & delivery experience, please prepare the exact amount upon the date of delivery.";"Para asegurarse de tener una experiencia de compra y entrega sin complicaciones y la entrega, asegúrese de tener la cantidad exacta en la fecha de entrega."	
"Your payment solution for Over-the-Counter (OTC) payments if you don't have a Credit/Debit card.";"Si no tiene una tarjeta de crédito / débito tiene la  solución de  pagos por ventanilla (OTC) ."	
"The Philippines' leading payment solution for Credit/Debit Card transactions.";"solución de pago más importantes para Filipinas para las transacciones con tarjeta de crédito / débito."	
"Go back";"Volver"	
Continue;Continuar	
Consignee;Destinatario	
"Ship this transaction with the consignee details below.";"Enviar esta transacción con los detalles del destinatario de abajo."	
Name;Nombre	
"Enter consignee name here";"Introduzca aquí el nombre del destinatario" 	
"Contact Number";"Número de contacto"	
"Enter consignee contact number here";"Introduzca aquí el número de contacto del destinatario aquí"	
"YiLinker Express is capable of shipping anywhere in the Philippines at affordable rates";"YiLinker Express puede hacer envíos en cualquier lugar en Filipinas a precios asequibles"	
"YiLinker Express offers FREE shipping on Metro Manila orders only";"YiLinker Express ofrece el envío GRATIS de pedidos sólo a Metro Manila"	
"You'll receive the tracking details for your parcel soon after the dispatch of your order.";"Recibirá los datos para el seguimiento de su paquete poco después del envío de su pedido."	
"Ships in";"Se envía en"	
"No hidden fees";"Sin cargos ocultos"	
"7 days return policy";"con política de devolución en 7 días"	
"Mobile number is required";"Se requiere el número de móvil"	
"Enter your mobile number here";"Introduzca aquí su número de teléfono móvil "	
"New Shipping Address";"Nueva dirección de envío"	
"Delete Address?";"¿Desea eliminar la dirección?"	
"Are you sure you want to delete this address";"¿Seguro que quieres eliminar esta dirección?"	
Delete;Borrar	
"Update Shipping Address";"Actualización de la dirección de envío"	
"Shipping address has been successfully updated";"La dirección de envío se ha actualizado correctamente"	
Okay;Ok	
"Change Mobile Number";"Cambiar número de móvil"	
"Invalid contact number";"Número de contacto no válido"	
"Enter New Number";"Introducir un número nuevo"	
"Enter your new number here";"Introduzca aquí su nuevo número "	
Submit;Enviar	
"The code is either invalid or is already expired.";"El código no es válido o ya ha caducado."	
Verify;Verificar	
"Contact number has been successfully verified.";"El número de contacto se ha verificado correctamente."	
"Check As";"Comprobar como"	
"Sign In";"Registrarse"	
"Guest Checkout";"Pago de pedido de invitados"	
"Welcome to YiLinker";"Bienvenido a YiLinker"	
"You cannot use the checkout functionality while you're still unverified.";"No se puede utilizar la funcionalidad de pago, si usted aun no esta verificado."	
Back;Volver	
"Back to Home Page";"Volver a la página de inicio"	
"Get Our App for FREE";"Obtener Nuestra aplicación de forma gratuita"	
"YiLinker - All you need in one place";"YiLinker - Todo lo que necesita en un solo lugar"	
"Coming soon";"Próximamente"	
;	
"Be a Buyer";"Sea un comprador"	
"View our Site";"Ver nuestro sitio"	
"Be a Seller";"Sea un vendedor"	
"Join Now";"Únete ahora"	
"Be an Affiliate";"Sea un Afiliado"	
"Learn More";"Aprende más"	
"Stay tuned! You can subscribe to our newsletter to get";"¡Manténganse al tanto! Puede suscribirse a nuestro boletín de noticias para recibir"	
"a notification when we launch!";"una notificación cuando se haga un lanzamiento!"	
"Enter your email address here";"Introduzca aquí su dirección de correo electrónico "	
SUBSCRIBE;SUSCRIBIR	
"+63 977-7265481";"+63 977-7265481"	
"Top Brands";"Mejores marcas"	
"Shop This Brand";"comprar estas marcas"	
off;Apagado	
"Add to wislist";"Añadir a la lista de artículos deseados"	
"Top Categories";"Categorías principales"	
"Shop Now";"Comprar ahora"	
"Featured Items";"Artículos destacados"	
"view more &rarr";"Ver más "	
"Top Sellers";"Lo mas vendido"	
"Seller Name";"Nombre del vendedor"	
Specialty:;Especialidad:	
FEATURED;DESTACADO	
"Items You May Like";"Los productos que le puede gustar"	
"New Arrivals";"Nuevas adquisiciones"	
"Banner Title";"Título bandera"	
"New Sellers";"Nuevos vendedores"	
"See What Others are Selling";"Vea lo que otros están vendiendo"	
"view more sellers";"Ver más vendedores"	
"Our Recommendation";"Nuestra recomendación"	
"Trending Categories";"Categorías de tendencias"	
"Recommended Seller";"Vendedor recomendado"	
"Free Shipping Nationwide";"Envió gratuito a nivel nacional "	
"No minimum purchase required";"Sin compra mínima requerida"	
"7-day return";"Política de devolución de 7 días"	
"Money back guaranteed";"Devolución de dinero garantizado"	
"24/7 Support";"Soporte 24/7"	
"Online help";"Ayuda en línea"	
"Safe Shopping";"Compras seguras"	
"Product guaranteed";"Producto garantizado"	
"20% off";"20% de descuento"	
"Thank You!";"¡Gracias!"	
"See you Soon!";"¡Te veo pronto!"	
"Promo Mechanics:";"Mecánica promocional"	
"YiLinker";"YiLinker"	
"Campaign Period: November 16 to December 13, 2015";"Período de campaña: 16 nov-13 dic 2015"	
Prizes;Premios	
"Main Prize:";"Premio principal"	
"Consolation Prize";"Premio de consolación"	
"How to Join?";? "Cómo unirse?"	
"6F Five E-Com Center Pacific Drive, MOA Complex, Pasay City, Metro Manila, Philippines";"6F Five E-Com Center Pacific Drive, MOA Complex, Pasay City, Metro Manila, Filipinas"	
"The following are not qualified for the promo:";"Lo siguiente no está calificado para la Promo"	
"Criteria for Claiming the Prize";"Criterios para la obtención del premio"	
"For a person to qualify, he/she:";"Para que una persona califique, él / ella:"	
"Users may join the promo by:";"Los usuarios pueden unirse a la promo a través de:"	
"How to Register?";"¿Cómo registrarse?"	
"How to Create an Entry?";"¿Cómo crear una entrada?"	
"Terms and Condition";"Términos y Condiciones"	
"Out of Stock";"Agotado"	
"7-Day Return";"Devolución de 7 días "	
"Free Shipping";"Envío gratis"	
"scroll down";"Deslizar hacia abajo"	
"for more info";"Para más información"	
"{0} no reviews|{1} %count% review|]1,Inf[ %count% reviews";"{0} no hay comentarios | {1}% conteo% de comentarios |] 1, inf [% conteo% comentarios"	
"Add to Wishlist";"Añadir a la lista de deseos"	
"Short Description";"Breve descripción "	
Seller;Vendedor	
"Free Shipping (Metro Manila only)";"Envió gratuito (Solo a Metro Manila)"	
"out of stock";"Fuera de existencia"	
"Buy now";"Comprar ahora"	
"Share this product";"Compartir este producto"	
Twitter;Twittear	
"Description &amp";"Descripción"	
"Payment &amp";"Pago"	
"Buyer Reviews";"Revisar vendedores"	
"Special Offers";"Ofertas especiales"	
Description;Descripción	
"Related Video";"Video relacionado"	
Specifications;Especificaciones	
Condition;Condición	
SKU;SKU	
"Payment Options";"Opciones de pago"	
"We accept all major credit cards through DragonPay &amp";"Aceptamos todas la tarjetas de crédito mas importantes a través de DragonPay."	
"We do not accept other currency in any amount";"No aceptamos ninguna cantidad en otra moneda"	
"Sellers can't require buyers to pay using methods that aren't allowed on YiLinker";"Los vendedores no pueden pedir a los compradores que paguen utilizando métodos de pagos que no están autorizados por Ylinker"	
"Shipping &amp";"Envió"	
"Not available";"No disponible"	
"Add to wishlist";"Agregar a la lista de artículos deseados"	
"No rating or review for this product yet";"Este producto no tiene aun clasificación o revisiones "	
Specialty;Especialidad	
"Mark your Address";"Marcar su dirección"	
"Mark Location";"Marcar su ubicación"	
"Feedback for Product";"Comentarios sobre el producto"	
"Feedback title and content cannot be empty";"El titulo del comentario y el contenido no pueden estar vacíos"	
"Let other people know what you think about this product.";"Permitir a otras personas sepan lo que piensa acerca de este producto."	
Rating:;Clasificación:	
Title:;Título:	
"Enter review title here";"Introduzca aquí el titulo dela opinión"	
Comment:;Comentario:	
"Leave a comment";"Dejar un comentario"	
"Feedback for Seller";"Comentario para el Vendedor"	
"Product List";"Lista de productos"	
SKU:;SKU:	
Quantity:;Cantidad:	
Details:;Detalles:	
Condition:;Condición:	
"Product Price:";"Precio del producto:"	
Brand:;Marca:	
Status:;Estado:	
Total:;Total:	
"Feedback to Seller";"Comentarios para el vendedor"	
"Go to seller page";"Ir a la página del vendedo r"	
"Activity Log";"Registro de actividades"	
Information;Información	
"Followed Seller";"Vendedor seguido"	
"Upload Document";"Cargar documento"	
"Followed Sellers";"Vendedores seguidos"	
OOOooops!!!;OOOooops!!!	
"It looks like you haven't followed any Sellers yet. Checkout our homepage and follow some of the best Sellers that we have on YiLinker.";"Parece que no ha seguido ningún vendedor todavía. Revisa nuestra página web y siga algunos de los mejores vendedores que tenemos en YiLinker."	
"My Points";"Mis puntos"	
"Basic Information";"Información básica"	
"Email verification sent.";"Verificación de correo electrónico enviada."	
"Something went wront. Please try again later";"Algo salió mal. Por favor, inténtelo de nuevamente "	
"Information successfully updated.";"Información actualizada correctamente."	
"First Name";"Primer nombre"	
"Enter your first name here";"Introduzca aquí su nombre "	
"Last Name";"Apellido"	
"Enter your last name here";"Ingrese  aquí su apellido "	
"Mobile Number";"Número de teléfono móvil"	
Change;Cambiar	
"Mobile number is not yet verified.";"El numero de teléfono móvil aun no esta verificado"	
"Click here to verify";"Haga clic aquí para verificar"	
"Kindly enter your contact number.";"Introduzca su número de contacto."	
"Verified mobile number";"Número de teléfono móvil verificado"	
"Account Information";"Información de la cuenta"	
"Enter your email here";"Introduzca aquí su correo electrónico "	
"Your Referral Code";"Su código de referencia"	
"Copy Link.";"Copiar del enlace"	
"Copy Code";"Copia del código "	
"Referral Person";"Persona de referencia"	
"Referrers Name:";"Nombre referencia:"	
"Referrers Code:";"Código referencia:"	
"Save";"Salvar"	
"Shipping Address";"Dirección de envío"	
"Save Changes";"Guardar cambios"	
"New Shippping Address";"Nueva dirección de envío"	
"Pin your address to map";"Pin su dirección en el mapa"	
"Home Address";"Dirección de casa"	
"Unit Number";"Numero de unidad "	
"Building Name";"Nombre del edificio"	
"Street Number";"Número de calle"	
"Street Name";"Nombre de la calle"	
Subdivision;Subdivisión	
"Select your province";"Seleccione su provincia"	
"Select your city";"Seleccione su ciudad"	
"Select your Barangay";"Seleccione su Barangay (vecindario)"	
Zipcode;Código postal	
"Select your City";"Seleccionar su ciudad"	
"Apply Changes";"Aplicar cambios"	
"Change Email Address";"Cambiar dirección de correo electrónico"	
"Enter your new email address here";"Introduzca aquí su nueva dirección de correo electrónico "	
"Confirm your new email address here";"Confirmar aquí su nueva dirección de correo electrónico "	
"Change Password";"Cambia la contraseña"	
"Enter your current password here";"Introduzca aquí su contraseña actual "	
"Enter your new password here";"Introduzca aquí su nueva contraseña "	
"Confirm your new password here";"Confirmar aquí su nueva contraseña "	
"My Profile";"Mi perfil"	
Transaction;Transacción	
"All Transactions";"Todas las transacciones"	
On-Delivery;En la entrega	
"For Feedback";"Para Comentarios"	
"Crop Photo";"Recortar foto"	
"Select Products";"Seleccionar productos"	
Category;Categoría	
"Electronics &amp";"Electrónica"	
Accessories;Accesorios	
"Product to Sell";"Productos para vender"	
"Search item here";"Buscar aquí un articulo"	
"All Products";"Todos los productos"	
"Sample er wer wer wer we rwe r";"Ejemplo ir wer wer wer we rwe r"	
"Your inbox is currently empty.";"Su buzón esta vacío"	
"Point Earned";"Puntos ganados"	
Breakdown;Desglose	
"""|{1} Point
                                                |]1,Inf[ Puntos"";""__|{1} Point
                                                |]6,Inf[ Puntos"""	
"We understand how frustrating it can be when there's a problem with one of your transactions. One of the benefits of using YiLinker is that you can take advantage of our Resolution Center to help you track, manage and resolve it as quickly as possible with absolute transparency.";"Entendemos lo frustrante que puede ser cuando hay un problema con alguna de sus transacciones. Una de las ventajas de utilizar YiLinker es que usted puede tomar ventaja de nuestro Centro de resoluciones para ayudarle a controlar, gestionar y resolver lo más rápidamente posible con absoluta transparencia."	
"Before filing for a dispute, please make sure that you've exhausted all efforts in reaching an agreement with the the other party. Decisions made by our specialists will be deemed final and will only be reopened when new evidence has been presented by one of the parties. We try to resolve cases as quickly as possible, but some may take longer depending on its circumstances.";"Antes de la presentación de una disputa, por favor asegúrese de que ha agotado todos los esfuerzos para llegar a un acuerdo con el que la otra parte. Las decisiones tomadas por nuestros especialistas se considerará final y sólo serán reabiertas cuando se ha presentado nueva evidencia por una de las partes. Tratamos de resolver los casos lo más rápido posible, pero algunos pueden tomar más tiempo dependiendo de sus circunstancias."	
"File a dispute";"Presentar una disputa"	
Cases;Casos	
"Search By Case Id";"Buscar por identificación del caso"	
Search;Buscar	
Filter;Filtrar	
"Case ID";"Identificación del caso"	
"Dispute Title";"Título de Diferencias"	
Status;Estado	
"Other Party";"La otra parte"	
"Date Opened";"fecha de presentación"	
Open;Abierto	
Closed;Cerrado	
"No case found";"No se encontraron caso"	
"Enter title here";"Introduzca aquí el título"	
"Dispute Type";"Tipo de disputa"	
"Select dispute type here";"Seleccione aquí el tipo de disputa"	
"Transaction No.";"Transacción No."	
"Select transaction here";"Seleccione aquí la transacción "	
"Select reason here";"Seleccione aquí la razón"	
"Select item to dispute:";"Seleccionar el elemento a disputar:"	
Remarks;Observaciones	
"Leave your remarks here";"Dejar aquí comentarios "	
"Your case has been successfully submitted";"Su caso ha sido enviado correctamente	
"To be approved by Admin.";"Para ser aprobado por Admin."	
OPEN;ABIERTO	
CLOSED;CERRADO	
"Dispute Details";"Detalles de disputa"	
Reason:;Razón:	
Items:;Artículos:	
"No remarks";"No hay comentarios"	
Contacts;Contactos	
Notifications;Notificaciones	
"SMS Notifications";"Notificaciones por SMS"	
"Aside from your email, you'll also receive marketing announcements on your mobile by default. You can choose whether you want to receive SMS notifications.";"Aparte de su correo electrónico, también recibirá anuncios de publicidad en tu móvil de forma predeterminada. Puede elegir si desea recibir notificaciones por SMS."	
"Account setting";"Configuración de cuenta"	
"Deactivate My Account";"Desactivación de cuenta"	
"We'd really hate to see you go but, you still get to decide whether you want to keep your account active or deactivate it. Other people with whom you have transacted with will still have a record of your transactions details including, but not limited to your name & contact number. You will also receive an email that contains a reactivation link should you wish to reactivate your account at a future time.";"Realmente no nos gusta ver que nos deje, aún puede decidir si desea mantener su cuenta activa o desactivarla. Otras personas con las que ha hecho la transacción mantendrán un tendrán un registro de detalles de sus transacciones , incluyendo, pero no limitado a, su nombre y número de contacto. También recibirá un correo electrónico que contiene un enlace de activación en caso de que desee reactivar su cuenta en un futuro."	
"The password you entered is invalid.";"La contraseña introducida no es válida."	
"Please enter your password to confirm your account deactivation.";"Por favor, introduzca su contraseña para confirmar la desactivación de la cuenta."	
"Deactivate";"Desactivar"	
"Account has been successfully deactivated.";"La cuenta ha sido desactivada con éxito."	
"A reactivation email has been to your email should you wish to reneable your account.You will be logged out now.";"Se ha enviado un correo electrónico para de su cuenta en  caso de que desee restablecerla. Será desconectado ahora."	
"Are you sure you want to proceed?";"¿Seguro que desea continuar?"	
"You are about to change the subscription status of your active mobile number.";"Está a punto de cambiar el estado de la suscripción de su número de móvil activo."	
"This Year";"Este año"	
"This Week";"Esta semana"	
"This Month";"Este mes"	
Date;Fecha	
Qty;Cantidad 	
"Payment Type";"Tipo de pago"	
"Order Status";"Estado de la orden de pedido"	
"No transaction available";"No hay transacciones disponibles"	
"Go Back";"Regresar"	
"Transaction Number";"Numero de transacción "	
Details;Detalle	
"Payment Type:";"Tipo de pago:"	
"Date Created:";"Fecha de creación:"	
"Total Quantity:";"Cantidad total:"	
Subtotal:;Subtotal:	
"Shipping Fee:";"Envío gratuito:"	
FREE;GRATIS	
"Voucher Code:";"Código del vale:"	
"Voucher Price Deduction:";"Precio del vale de descuento" 	
"Total Cost:";"Coste total:"	
"Cancel Order";"Cancelar orden de pedido"	
"Feedback sent";"Comentario enviado"	
"Feedback has been successfully submitted.";"El comentario se ha enviado correctamente."	
Informatio;Información	
"Upload your document";"Cargar el documento"	
"Only PDF, PNG, JPEG files are accepted";"Sólo se aceptan archivos PDF, PNG,  JPEG"	
Upload;Subir	
"Uploaded Documents";"los documentos cargados"	
"Add a feedback to this store to let other people know what you think. Your opinions matter to us.";"Añadir una comentario a esta tienda para que otras personas sepan lo que opinas. Sus opiniones son importantes para nosotros."	
"Communication Rating:";"Valoración de la comunicación:"	
"Quality Rating:";"Evaluación de Calidad:"	
"PROMO CODE:";"CÓDIGO PROMOCIONAL:"	
"Terms and Conditions:";"Términos y condiciones"	
"Promo Period:";"Periodo promocional"	
"SIGN UP NOW";"REGISTRARSE AHORA"	
"SHOP NOW";"COMPRA AHORA"	
"*";"*"	
"Store Location";"Ubicación de la tienda"	
"Need Assistance?";"¿Necesita ayuda?"	
"SEND MESSAGE";"ENVIAR MENSAJE"	
"Send Message";"Enviar mensaje"	
"Enter your message here";"Introduzca aquí su mensaje "	
"Unfollow Seller";"Dejar de seguir un vendedor"	
"Follow Seller";"siga vendedor"	
About;Acerca de	
"What People";"Que gente"	
"Are saying"";Que están diciendo"	
Products;Productos	
"Store Information";"Almacenar información"	
Feedbacks;Comentarios	
"Search For Products";"Buscar productos"	
"Resend Email Verification";"Reenviar el mensaje de verificación"	
"Register | YiLinker Online.com";"Registrarse | YiLinker Online.com"	
"Sign In | YiLinker Online.com";"Iniciar sesión | | YiLinker Online.com"	
"All in one place";"Todo en un solo lugar"	
"Shoes in one place";"Zapatos en un solo lugar"	
"Camera in one place";"Cámara en un solo lugar"	
"Sign in";"Iniciar sesión "	
Register;Registrarse 	
"Password reset success.";"Restablecimiento de contraseñas éxito."	
"Email Verified.";"Correo Electrónico Verificado."	
"Failed merging account. Please try again later.";"No se pudo fusionar la cuenta. Por favor, inténtelo de nuevo más tarde."	
"Failed merging account. Account is already registered.";"No se pudo fusionar la cuenta. La cuenta ya está registrada."	
"Enter your email or contact number here";"Ingrese aquí su correo electrónico o número de contacto "	
"Remember Me";"Recordar"	
"Forgot Password?";"¿Olvidó su contraseña?"	
"Sign in with social media";"Iniciar sesión con cuenta de redes sociales"	
"Merge with Social Media Account";"Combinar con la cuenta de redes sociales"	
"Browse our products";"Seleccione nuestros productos"	
"Reset Password";"Restablecer la contraseña"	
"Featured Products";"Productos destacados"	
"12% off";"12% de descuento"	
"Yilinker - Category";"Yilinker - Categoría"	
"Yilinker - Daily Login";"Yilinker - Inicio de sesión diaria"	
Mechanics:;Mecánica:	
"Yilinker - Flash Sales";"Yilinker -Rebajas relámpago"	
BUY;COMPRAR	
"loading more items";"Cargar más elementos"	
"Yilinker - Product list";"Yilinker - Listado de productos"	
"Yilinker - Store";"Yilinker - Tienda"	
