"Access Denied";"Acceso denegado"
"click here";"Haga clic aquí"
Accreditation;Acreditación
"Business Information";"Información de negocios"
"Seller Type";"Tipo de vendedor"
"Owner Name";"Nombre del dueño"
"Store Name";"Nombre de la tienda"
"Primary Address";"Dirección principal"
"Other Address";"Otra  dirección"
"Contact Number";"Número de contacto"
"Application Status";"Estado de la aplicación"
You;Tú
Submit;Enviar
"Mark as Complete";"Marcar como completa"
"Mark as Incomplete";"Marcar como Incompleto"
"Bank Information";"Información bancaria"
"Bank Name";"Nombre del banco"
"Account Title";"Titulo de cuenta"
"Account Name";"Nombre de la cuenta"
"Account Number";"Número de cuenta"
"Legal Files";"Archivos legales"
File;Archivo
"Date Uploaded";"Fecha de Publicación"
Remarks;Observaciones
"DTI/SEC Permit";"Permisos DTI / SEC"
"Mayor's Permit";"Permiso del Alcalde"
"BIR Permit";"Permiso BIR"
"FORM MA11501 Permit";"Permiso FORM MA 11501 "
Others;Otros
SSS;SSS
"PAG IBIG";"PAG IBIG"
Postal;Postal
Passport;Pasaporte
"Driver's License";"Licencia de conducir"
PRC;República Popular China
"Voter's ID";"Identificación de votantes "
"School ID";"identificación de la escuela"
TIN;TIN
"Valid ID";"Identificación válida"
"Download this file";"Descargar este archivo"
"Update Accreditation Type";"Tipo de actualización de Acreditación"
Okay;Ok
Accreditations;Acreditaciones
"Select Status";"Seleccione Estado"
Search;Buscar
Status;Estado
"Quick Info";"Información rápida"
Name:;Nombre:
Phone:;Teléfono:
Email:;Correo electrónico:
"Affiliate Accreditation";"Acreditación de afiliados"
"Personal Information";"Información personal"
"Identification Document";"Documento de identificación"
Username;Nombre de usuario
Password;Contraseña
"Sign In";"Registrarse"
"Manage Administrator";"Gestión de administrador"
"Register Administrator";"Registro del administrador"
"Enter Username here";"Introduzca el nombre de usuario "
"Enter Password here";"Introduzca su contraseña "
"Change Password";"Cambia la contraseña"
"Confirm Password";"Confirmar contraseña"
"Enter Confirm Password here";"Introducir la confirmación de la contraseña "
"First Name";"Nombre"
"Enter First name here";"Introduzca el Nombre"
"Last Name";"Apellido"
"Enter Last name here";"Introduzca el apellido aquí"
"User Role";"Funciones del usuario"
"Select Role";"Seleccione la función"
Register;Registrarse
"Manage Roles";"Gestionar funciones"
ID;IDENTIFICACIÒN
Fullname;Nombre completo
Role;Función  
Activation;Activación
"Enter your new password here";"Ingrese su nueva contraseña "
"Confirm your new password here";"Confirmar su nueva contraseña "
Cancel;Cancelar
"Manually Created Accounts";"Cuentas creadas manualmente"
"Number of Manual Accounts: 227";"Número de Cuentas Manuales: 227"
"Search By Name / ID No. / Business Name";"Búsqueda por nombre / Nº de IDENTIFICACIÒN/ Nombre del Negocio"
"Accreditation Status:";"Estado de Acreditación:"
Unaccredited;No acreditado
Accredited;Autorizado
All;Todas
"Created By:";"Creado por:"
--;-
"George Paulino";"George Paulino"
"Ryan gVay";"Ryan Gray"
KarlDub;Karl Dub
"Kevin the Nightstalker";"Kevin el Night Stalker"
"Account Status:";"Estado de la cuenta:"
Activated;Activado
Locked;bloqueado
"Create Account";"Crear una cuenta"
"Customer ID";"Identificación del cliente"
"Business Name";"Nombre del Negocio"
192;192
"Chris Bosh George";"Chris Bosh George"
"Burger Machine";"Máquina de hamburguesa"
Seller;Vendedor
"Ronald McDonald Duck";"Ronald McDonald Duck"
"McDonalds Fastfood";"Comida rápida McDonalds "
Mechant;Comerciante
"Casper Daprenlygosh";"Casper Daprenlygosh"
"Haus of Honor";"Haus de Honor"
Hybrid;Híbrido
"Manual Creation List";"Lista de redacción manual"
"Manual Creation Details";"Detalles de creación manual"
"Account Details";"Detalles de la cuenta"
"Account Notes";"Notas de la cuenta"
"Basic Information";"Información básica"
Affiliate;Afiliado
"Email Address";"Dirección de correo electrónico"
"Mobile Number";"Número de teléfono móvil"
"Address Information";"Información de dirección"
Addresses;Direcciones
"&nbsp";"& nbsp"
Home;Página principal
"1234 Building Street 2 Street Subdivision Metro Manila Manila Barangay 2 ,566056";"1234 Building Street 2 Street Subdivision Metro Manila Manila Barangay 2 ,566056"
"Bank Accounts";"Cuentas bancarias"
2130910000000;2130910000000
"George Georgia";"George Georgia"
"Metrobank of the Borneo";"Metrobank de Borneo"
"Accreditation Option";"Opción de acreditación"
"Accreditation Level";"Nivel de acreditación"
"Level 1";"Nivel 1"
"Level 2";"Nivel 2"
"Level 3";"Nivel 3"
"Level 4";"Nivel 4"
"Activate this Account?";"¿Desea activar esta cuenta?"
Activate;Activar
"This Account is Active";"Esta cuenta está activa"
"If you wish to deactivate this account, click";"Si desea desactivar esta cuenta, haga clic"
"Deactivate Now";"Desactivar Ahora"
"Temporary Password";"Contraseña temporal"
"System Information";"Información del sistema"
"Created By";"Creado por"
"Karl Cases";"Karl Cases"
", 10/22/16 4:43 am";", 10/22/16 4:43 am:"
"Last Modified By";"Última modificación realizada por"
"Save Changes";"Guardar cambios"
Notes;Notas
Title;Título
Message;Mensaje
Actions;Acciones
"About Paul Edward Borja and the Spaghetti";"Acerca de Paul Edward Borja y el espagueti"
"Last Modified: 10/22/16 4:51 am";"Última modificación: 22/10/16 04:51 am"
View;Ver
"New Notes";"Nuevas Notas"
Placeholder;Marcador de posición
"Enter product description here";"Introduzca aquí la descripción del producto"
Save;Guardar  
"Bank Account";"Cuenta bancaria"
"Enter your bank account title here";"Introduzca su título de la cuenta bancaria "
"Enter your bank account number here";"Introduzca su número de cuenta bancaria "
"Enter your bank account name here";"Introduzca su nombre de cuenta bancaria "
"Are you sure you want to delete this bank account";"¿Seguro que quiere borrar esta cuenta bancaria?"
Delete;Borrar
Log-out;Cerrar sesión
English;Inglés
Chinese;Chino
Canada;Canadá
"Transactions List";"Lista de transacciones"
"Seller Pay-out";"Pago de vendedor "
"Buyer Refund";"Reembolso del comprador"
"Buyer Refund History";"Historial de reembolso del comprador"
"Promo List";"Lista de Promoción"
"Seller Accreditation";"Acreditación del vendedor"
"Inhouse Products";"Productos en las instalaciones"
"Buyer List";"Lista comprador"
"Seller/Affiliate List";"Lista de Vendedor / Afiliados"
"Product Listings";"Listado de productos"
Vouchers;Vales
"Request Pay-Outs List";"Lista de solicitud de pagos"
"Batch Pay-Out List";"Lista de pago de lotes"
Product;Producto  
Notification;Notificación
"Mobile Web view (CMS)";"Vista de Web móvil (CMS)"
"Daily Present";"Presentación diariamente"
"Custom Messages";"Mensajes personalizados"
"Message here";"Mensajes"
"Inner Banners";"Banderas interiores"
"Upload Banner";"Subir Bandera"
"Select your Banner Permit file from your computer";"Seleccione el archivo de Permiso de bandera desde su ordenador"
"Compatible files: JPEG and PNG";"Archivos compatibles: JPEG y PNG"
"Banner URL";"Bandera URL "
"Product CMS";"Producto CMS "
"Created Date/Time";"Fecha / Hora de creación"
Creator;Creador
Type;Tipo
"12/31/16, 3:00pm";"31/12/16 a las 3:00 pm"
"George Paul";"George Paul"
"Homepage Row";"Fila de Página de inicio "
"Hot Items";"Artículos de moda"
150;150
"Queued " 12:00am";"En fila a " 12:00am"
"Custom Page";"Pagina personalizada"
"Shop Wise";"Compra racional"
Create;Crear
"Create Product CMS";"Crear Producto CMS"
"Product Title";"Titulo del producto"
"Enter Your Product Title";"Ingrese su Titulo del producto"
"Upload Featured Banner (Homepage)";"Subir bandera de destacado (Página de inicio)"
"Upload Featured Banners (Homepage) here";"Subir bandera de destacados (Pagina principal) aquí"
"Compatible files: JPEG, PNG and PDF";"Archivos compatibles: JPEG, PNG y PDF"
"Paste Featured Product (Homepage) Link here";"Pegar vínculo especial del producto (Página de inicio) aquí"
Image;Imagen
"Upload Featured Banner (Inner-Page)";"Sube Bandera de destacado (Interior-PAGE)"
"Upload Featured Banners (Inner-Page) here";"Carga de banderas destacados (Pàgina interior-PAGE) aquí"
"Paste Product Link (Inner-Page) here";"Pegar enlace de Producto (interior-Página) aquí"
"Product List";"Lista de productos"
Clear;Borrar 
"Add Products";"Añadir los productos"
"Date Created";"Fecha de creación"
"Product Name";"Nombre del producto"
"Active Promo";"Promoción activa"
"Original Price";"Precio original"
"Discounted Price";"Precio con descuento"
"Available Stock";"Almacenamiento disponible"
"Product Sold";"Producto agotado "
12/16/16;12/16/16
0.2;0.2
"PhP 21230";"PHP 21230"
"PhP 18930";"PHP 18930"
2003;2003
122;122
"By Checking this box";"Marcando esta casilla"
"Start the Process IMMEDIATELY";"Iniciar el procedimiento INMEDIATAMENTE"
"Enter product list here";"Introduzca la lista de productos "
"Price Range:";"Rango de precios:"
Brands:;marcas:
"Sort By:";"Ordenar por:"
Alphabetical;Alfabético
"New to Old";"Nuevo a viejo"
"Old to New";"Viejo a nuevo"
Relevance;Pertinencia
Categories:;Categorías:
Status:;Estado:
Active;Activo
Inactive;Inactivo
Manufacturer:;Fabricante:
"Please click on the image you want to set as primary";"Por favor, haga clic en la imagen que desea establecer como imagen principal"
Primary;Primario
Check;Comprobar
Error;Error
"Remove file";"Quitar archivo"
SKU;SKU
Width;Anchura
Height;Altura
Length;Longitud
Weight;Peso
Quantity;Cantidad
"Regular Price";"Precio regular"
"Shipping fee";"Gastos de envío"
"Retail Price";"Precio al por menor"
Commission;Comisión
Date;Fecha
"Promo Name";"Nombre promocional"
"Promo Discount";"Descuento Promocional"
42716;42716
"Perfect Purple Pair";"Par púrpura perfecto"
"Last Edit By";"Ultima edición realizada por"
"Time Stamp";"Estampado de fecha"
"Chris Paul George";"Chris Paul George"
"Upload 5 Photos";"cargar 5 Fotos"
"2:00 am";"2:00 am"
"Date Range:";"Rango de fechas:"
"Start Date";"Fecha de inicio"
"End Date";"Fecha final"
"Quantity Sold";"Cantidad vendida"
50;50
"Export to Excel";"Exportar a Excel"
"In-House Listings";"Listados internos"
Item;Artículos
Category;Categoría
Brand;Marca
Brief;Resumen
Details;detalles
Photos;Fotos
Combinations;Combinaciones
"Reason of Approval";"Razón de aprobación "
Back;Volver
"Reason of Rejection";"Razón de rechazo"
[[Username]];Nombre de usuario
Refund;Reembolso
"Order ID";"Identificación de la Orden de pedido"
"Invoice No";"No. de Factura "
"Seller ID";"Identificación del vendedor"
User;Usuario
"Product ID";"Identificacion del Producto"
"Order Quantity";"Cantidad de orden de pedido"
"Unit Price";"Precio unitario"
"Total Amount";"Cantidad total"
EasyPoint;Easypoints
NET;RED
144;144
144-2-1503240909;144-2-1503240909
2;2
"man of effin steel";"hombre de acero effin"
333;333
"sammmy sam";"sammmy sam"
1;1
On-going;Continuación
182;182
182-12003-1504280105;182-12003-1504280105
79;79
warcraft;warcraft
14;14
"Paid - Returned";"Pagado - Devuelto"
"Proceed To Refund";"Procederá a la devolución"
"History Information";"Historial de información "
"Shipping Price";"Precio de envío"
"Easyshop Charge";"Cargar Easyshop"
"Payment Method Charge";"Carga de Método de Pago"
Easypoints;Easypoints
Net;Red
201-1-1506040106;201-1-1506040106
sammyboi22_22;sammyboi22_22
apple;Apple
"History ID";"Identificación de historial "
State;Estado
404;404
"42157.7479166667";"42041.7479166667"
"Item has not been shipped";"El artículo no se ha enviado"
"Reason of Cancellation";"Motivo de la cancelación"
Requestor;solicitante
"--Select Requestor--";"--seleccionar Solicitante--"
Buyer;Comprador
"Type of Reason";"Tipo de la Razón"
"--Select Reason--";"--Seleccionar razon--"
"Edit/Add Category";"Editar / Añadir categoría"
Name;Nombre
Description;Descripción
Keyword;Palabra clave
"Sort Order";"Orden de Clasificación"
"Order Product Id";"ID del pedido de Producto"
"Shipping Fee";"Gastos de envío"
"Total Price";"Precio total"
"Net Price";"Precio neto"
"Current Tag";"Etiqueta actual"
209;209
"Order Details";"Detalles de orden de pedido"
Sample;Muestra
KD3-38u123pi;KD3-38u123pi
"YiLinker Charge";"Cargar YiLinker"
"Order Product ID";"Identificación de Orden de pedido del Producto"
"Unflag Transaction";"Desmarcar transacción "
"Void Transaction";"Transacción nula"
"Apple Watch";"Ver Apple"
"Short Description";"Descripción breve"
"Full Description";"Descripción completa"
"Jewellery &amp Watches";"Relojes y Joyas "
Custom;Personalizado
"Dimensions &amp Weight";"Dimensiones y Peso"
"Length (CM)";"Longitud (cm)"
"Width (CM)";"Anchura (cm)"
"Weight (KG)";"Peso (kg)"
"Height (CM)";"Altura (cm)"
"Combination Name";"Nombre combinado"
10001;10001
10;10
Color;Color
Blue;Azul
Size;Tamaño
Large;Grande
Address;Dirección
"asdsadsad, 123 jkhjk, asdsadsad, BF International Village, Las Pinas, Metro Manila, 1213";"asdasdasd, 123 jkjk, asdasdasd, BF International Village, Las Pinas, Metro Manila, 1213"
"Generate Code";"Generar código"
477-344-1;477-344-1
"This account doesnt have any bank information";"No es posible obtener  información bancaria de esta cuenta"
Add;Añadir
"My BPI Bank Account";"Mi Cuenta de Banco BPI"
283714000000000;283714000000000
"George Macalulo Winston Lee";"George Winston Lee Macaluso"
BPI;BPI
Edit;Editar
"Bank Account Title";"Título de la cuenta bancaria"
UCPB;UCPB
"Allied Bank";"Banco aliado"
"Returned Item Pickup";"Recogida de artículos devueltos"
Schedule;Programar
02/29/16;02.29.16
"Day Hour";"Día Hora"
"eq. 1 Am";"eq. 01 a.m."
Why?;¿Por qué?
"Bank Name:";"Nombre del banco:"
Payout;Pago
"Buyer ID";"Identificación del comprador"
"Proceed To Payment";"Proceder a pagar"
"Paid - Forwarded";"Pagados - reenviado"
"Shipment Information";"Información de envío"
Courier;Mensajería
"Boy George Delivery";"Entrega Boy George "
"Date of Shipment";"Fecha de envío"
"2015-04-01 00:00:00";"2015-04-01 00:00:00"
"Expected Date of Arrival";"Fecha prevista de llegada"
"2015-04-04 00:00:00";"2015-04-04 00:00:00"
"Tracking Number";"El número de rastreo"
PK-235-137-556;PK-235-137-556
"Missing Courier";"Falta mensajería"
"Last updated on 2015-04-06 17:37:55";"Actualizado el 04/06/2015 17:37:55"
Cancelled;Cancelado
"&#8230";"& # 8230"
Color:;Color:
Red;Rojo
Size:;Tamaño:
Samplenation:;Muestreo:
"Super Duper Ninja Warrior";"Súper Duper  Ninja warrior"
resolved;Solucionado
"George Chris Paul";"George Chris Paul"
"requested items for cancellations";"Artículos solicitados por cancelaciones"
"Order ID 209: Shoulder Bag";"Identificación de la orden de pedido 209: Bolsa de hombro"
"Posted on 12:30 pm, July 21, 2014";"Publicado el 24:30 21 de julio de 2014"
"Koya Carl";"Koya Carl"
"Approve Cancellation";"Aprobar la cancelación"
Reject;Rechazar
"Select Reason";"Selecciona la razón"
"Resolution Center";"Centro de Resolución"
"Disputed Tag Detected!";"Detección de etiqueta de disputa"
attachments;Archivos adjuntos
"Proceed to Resolution Center";"Continúe con el Centro de Resolución"
"Flagged Tag Detected!";"Etiqueta de marcado detectada"
Approve;Aprobar
"Search By Batch ID/Process By";"Buscar por ID del lote / Por proceso"
"Grand Batch Amount";"Gran cantidad de lotes"
"Batch ID";"Identificación del lote"
Count;Conteo
"Process By";"Por proceso"
Amount;Cantidad
Memo;Memorándum
Action;Acción
"Are you sure you want to remove payout?";"¿Está seguro de que desea eliminar el pago?"
Remove;Retirar
"Batch Payout";"Pago por lotes"
"Batch Number";"Número de lote"
"Batch Date";"Fecha de lotes"
"Write your Remarks";"Escribir sus observaciones"
"Attach Files";"Adjuntar archivos"
"Upload Receipt";"cargar el Recibo"
"Transaction Update List";"Actualizar la lista de transacciones"
"Search by reference number";"Búsqueda por número de referencia"
"Request By";"Por petición de"
Method;Método
Bank;Banco
"Bank Info / Pay To";"Información del Banco  / Pagar a"
Charge;Cargar
"Net Amount";"Importe neto"
"Total Batch Amount";"Importe total del lote"
"Are you sure you want to remove file?";"¿Está seguro de que desea eliminar el archivo?"
"Are you sure you want to remove payout request?";"¿Está seguro de que desea eliminar solicitud de pago?"
"Search (requester fullname, requester email, bank name, bank account number, bank account name, reference no.)";"Buscar (nombre completo del solicitante, el correo electrónico del solicitante, nombre del banco, número de cuenta bancaria, nombre de la cuenta bancaria, el número de orden de pedido.)"
"Order by Date";"Ordenar por Fecha"
Ascending;Ascendente
Descending;Descendente
"Payment Status:";"Estado de pago:"
"Payment Method";"Método de pago"
"Reference Id";"Identificación de referencia"
"Proceed Batch Pay-Out";"Proceder al desembolso de los lotes"
"For Review";"Para revisión"
InActive;Inactivo
Store:;Almacenar:
Condition;Condición
URL;URL
Videos;Vídeos
"Reject Remarks";"Rechazar Observaciones"
"Item Details";"Detalles del artículo"
"Shipping Category";"Categoría de envío"
"Store Details";"Detalles de las tiendas"
"Seller Name";"Nombre del vendedor"
"No youtube video";"Sin  videos de youtube"
"Posted on";"Publicado en"
"Send Reject Remark";"Enviar observación de rechazo"
"Promo Management";"Gestión de Promoción"
"Promo Type";"Tipo de Promoción"
"Promo Details";"Detalles de promoción"
"Promo is currently Active";"La promoción está  actualmente activa"
Advertisement;Anuncio
"Discount %";"% de descuento"
Discount;Descuento
Start;Iniciar
End;Finalizar
"% per hour";"% por hora"
"Percent per hour";"Por ciento por hora"
"Minimum %";"% mínimo"
"Quantity Required";"Cantidad requerida"
"Max Quantity";"Cantidad máxima"
"Countdown Timer is currently Disabled";"El temporizador de cuenta regresiva está actualmente desactivado"
"Yes, Enable the Countdown timer";"Sí, Activar el temporizador de cuenta regresiva"
"Countdown Timer is Active";"El temporizador de cuenta regresiva está activo"
"0.208333333333333";"0.208333333333333"
days;Días
hrs;Horas
min;Minutos
sec;segundos
"left until the promo ends";"Ir a la izquierda hasta  los extremos de promociones"
"Disabled Countdown Timer";"Temporizador de cuenta regresiva desactivado"
"Product list";"Lista de productos"
"Item Name";"Nombre del articulo"
Price;Precio
"Activate this Promo";"Activación de esta Promoción"
"Add Item (separated by line break)";"Agregar articulo (separados por salto de línea)"
"Congratulations! This promo has been successfully enabled";"¡Felicitaciones! Esta promoción se ha realizado con éxito"
Deactivate;Desactivar
Notifications;Notificaciones
"Search By Title / Message Content";"Puede buscar por titulo/mensaje de contenido  "
"IOS (Mobile)";"IOS (móvil)"
"Andriod (Mobile)";"Android (móvil)"
---;---
"Custom Pages";"Páginas personalizadas"
"Product Search";"Búsqueda de Producto"
Store;Almacenar
"Store Search";"Búsqueda de tienda "
"Send Notification";"Enviar notificación"
Devices;Dispositivos
Target;Objetivo
Sender;Remitente
"Is Active";"Está activo"
"Recipient Device";"Dispositivo receptor"
"Message (Max : 100)";"Mensaje (máx.: 100)"
Schedule:;Programar:
"Set Schedule";"Horario establecido"
"Is Active?";"¿Está activo?"
"Boy George Dako Wewe";"Boy George Dako Wewe"
"George Haircut Station";"Estación  corte de pelo George"
"479 9th Street West, Menomonee Falls, WI 53051";"479 9th Street West, Menomonee Falls, WI 53051"
Position;Posición
"Manager / Yaya";"Director / Yaya"
"Telephone Number";"Número de teléfono"
532-2393;532-2393
"(63) 937-234-1286";"(63) 937-234-1286"
"International Bank of the World ever!";"Banco Internacional del Mundo !"
1872-2783-5869;1872-2783-5869
"File Name";"Nombre del archivo"
414894;414894
"Accreditation Level 0";"Acreditación Nivel 0"
"Accreditation Level 1";"Nivel 1 de Acreditación"
"Accreditation Level 2";"Nivel 2 de Acreditación"
"Accreditation Level 3";"Nivel 3 de Acreditación"
"Accreditation Level 4";"Nivel 4 de Acreditación"
"Accreditation Level 5";"Nivel 5 de Acreditación "
"Columns Container";"Contenedor de columnas"
"Order Status";"Estado del pedido"
11/12/14;11/12/14
"Transaction ID";"Identificación de transacción"
"Date of Transaction";"Fecha de Transacción"
"Type of Payment Method";"Tipo del método de pago"
201;201
PPY-1506040106-1;PPY-1506040106-1
PAID;PAGADO
"42159.5451388889";"42159.5451388889"
PESOPAY;PESOPAY
11;11
12;12
"Storename / Username";"nombre de la tienda/ Usuario"
From;De
To;Para   
Storename;Nombre de la tienda
Email;Correo electrónico
"Asia United Bank";"Asia United Bank"
aaaaa;aaaaa
bbbbb;bbbbb
9876545345;9876545345
9878263787;9878263787
"Category Listings";"Listados de categoría "
"Main Category";"Categoría principal"
"Sub Category";"Sub Categoría"
Filters;Filtros
Slug;Lingote
"10-24-1991 06:30:05";"10-24-1991 06:30:05"
0;0
PROMOTIONAL_ITEMS;ARTÍCULOS DE PROMOCIÓN
"Special Promotional Items";"Artículos de promociones especiales"
"Special Promotional222";"Promocional especial 222"
promo-special;promoción - especial
"Contact Buyer";"Contactar a Comprador"
"Invoice Number";"Número de factura"
"Buyer Fullname";"Nombre completo del comprador"
"Buyer Store Name";"Nombre de la tienda compradora"
"Buyer Email";"Comprador por correo electrónico"
"Transaction Date";"Fecha de Transacción"
198;198
PPY-1506020514-1;PPY-1506020514-1
198-1-1506020514;198-1-1506020514
"Omaha maria23";"maria23 Omaha"
"42157.7513888889";"42157.7513888889"
"Contact Seller";"Contacte al vendedor"
"Seller Fullname";"Nombre completo del vendedor"
"Seller Store Name";"Nombre de la tienda vendedora"
"Number of Products";"Número de Productos"
"Seller Email";"vendedor por correo electrónico"
Dashboard;Tablero
Products;Productos
Buyers;Compradores
Sellers;Vendedores
Transactions;Transacciones
"Sorry, Your database is currently empty";"Lo sentimos, su base de datos está actualmente vacía"
"Case ID";"Identificación del caso"
"Dispute Type";"Tipo de disputa"
Complainant;Querellante
"Date Filed";"Fecha de presentación"
email;Correo electrónico
"Seller Payout";"Pago del vendedor"
"Legal Documents";"Documentos legales"
"This Account currently Locked";"Esta cuenta actualmente está bloqueado"
"Do you want to Activate it now?";"¿Quieres Activar ahora?"
"Yes, Activate this Account";"Sí, activar esta cuenta"
"Select your DTI/SEC Permit file from your computer";"Seleccione el archivo de Permiso DTI / SEC desde el ordenador"
"Select your Mayor's Permit file from your computer";"Seleccione el archivo de Permiso de Mayorista desde el ordenador"
"Select your BIR Permit file from your computer";"Seleccione el archivo de Permiso BIR desde el ordenador"
"Form MA1501 Permit";"Permiso de FORM MA 1501 "
"Select your Form MA1501 file from your computer";"Seleccione el archivo de FORM MA 1501 desde el ordenador"
"Where to get a copy of Form MA1501?";"Dónde obtener una copia de la FORM MA1501?"
"Download Form MA1501";"Descargar la FORM MA1501"
"Other Documents";"Otros documentos"
"Select a document file from your computer";"Seleccione un archivo de documento desde su ordenador"
"Mobile Management";"Gestión móvil"
"Push Notification";"Notificación de inserción"
"Notification Message";"Mensaje de notificación"
;
"Number of Product Listings:";"Número de listado de producto:"
10145;10145
"41866.5159722222";"41866.5159722222"
sfasfas;sfasfas
"Building Toys";"Juguetes para construcción"
122121;122121
212;212
"New other (see details)";"Otro nuevo (ver detalles)"
"Promo Banners";"Banderas de promoción "
"Create Promo Banner";"Crear bandera de promoción"
"Select Product";"Seleccionar producto"
"Enter Product Slug";"Introducir productos lingote"
"Add Product";"Añadir Producto"
"Change Product";"Cambio de producto"
"This Promo Banner currently Disabled";"Esta bandera de promoción esta  actualmente deshabilitada"
"Do you want to enable it now?";"¿Quiere activarla ahora?"
"Yes, Enable this Promo Banner";"Sí, activar esta bandera de promoción"
"This Promo Banner is Enabled";"Esta bandera de promoción esta  Activada"
"Disable Now";"Ahora desactivar"
"Upload Banners";"Subir Banderas"
"Upload Banners here";"Subir Banderas aquí"
"Search By Product Name";"Búsqueda por Nombre del producto"
Category:;Categoría:
Electronics;Electrónica
Gadget;Artilugio
Clothes;Ropa
Enable;Habilitar
Disable;Inhabilitar
"Banner Count";"Conteo de banderas"
"Date Added";"Fecha Agregada"
10/20/15;20.10.15
Enabled;habilitado
"Samsung Galaxy j1";"Galaxy Samsung J1"
5;5
Disabled;Desactivado
"Raffle Manager";"Director de la rifa"
"Register Raffle";"Registro de la Rifa"
"Raffle Name";"Nombre de la rifa"
"Pool of Possible Winners";"Grupo de posibles ganadores"
"Number of Winners to Generate";"generar número de ganadores "
"List of Prices";"Lista de precios"
"Raffle Lists";"Listas de la rifa"
Raffle_Name;Nombre de la rifa
Winners;Ganadores
"Time Created";"Hora de creación"
Prices;Precios
2121sadasd;2121 sadasd
test22;test22
"41898.4715277778";"41898.4715277778"
"Full Name";"Nombre completo"
inonbaguio;inonbaguio
"Inon Baguio";"Inon Baguio"
Content;Contenido
CSR;CSR
Marketing;Mercadeo
Super-User;Súper-usuario
Guest;Invitado
"Registered Users";"Usuarios Registrados"
"Number of Registered Sellers:";"Número de vendedores registrados:"
141;141
Affiliates;Afiliados
"2014-07-02 14:34:28";"2014-07-02 14:34:28"
"sam gavinio";"gavinio sam"
"Banana Republic";"República bananera"
38;38
"Report Manager";"Administrador de informes"
"Number of uploaded products per account";"Número de productos descargado por una cuenta"
"Monthly Sign Up Statistics";"Estadística mensual de registro"
"Users w/ &amp w/out Products";"Los usuarios w / y w  / salida de los productos"
"Number of uploaded items per month";"Número de artículos descargados al mes"
"Number of items per parent category";"Número de artículos por categoría "
"Show Entries";"Mostrar entradas"
20;20
40;40
80;80
160;160
Monthsss;Meses
"Sign-up Count";"Conteo de registros"
2015;2015
January;Enero
29;29
February;Febrero
March;Marzo
April;Abril
May;Mayo
2016;2016
Month;Mes
"Showing 1 out 39 Entries";"Mostrando 1 fuera 39 Entradas"
"Dispute Details";"Detalles de disputa"
KD3-38U123PI;KD3-38U123PI
12371237837;12371237837
"Complainant Full Name";"Demandante Nombre Completo del querellante"
322-3245-59898;322-3245-59898
"Defendant Full Name";"Nombre Completo del acusado"
"Janvan Ding";"Janvan Ding"
"Transaction Details";"Detalles de la transacción"
4916700000000;4916700000000
"Armando Upton";"Armando Upton"
"Waiting for Payment";"En espera del pago"
"Date of transaction";"Fecha de la transacción"
"2015-09-02 13:12:59";"2015-09-02 13:12:59"
"see attachments";"Ver adjuntos"
x;x
Reason;Razón
Open;Abierto
On-Going;Continuación (en curso)
Rejected;Rechazado
Closed;Cerrado
"Boy Tigol";"Chico Tikol"
"George Georgina";"George Georgina"
42317;42317
"Search Keyword";"Buscar palabra clave"
"Query String";"cadena de consulta"
"Number of Hits";"Número de accesos"
"apple UNION ALL SELECT NULL--";"UNION ALL SELECT NULL--Apple"
"Transaction List";"Lista de transacciones"
!;!
Cancellation;Cancelación
"Dispute Something";"Disputa sobre algo"
Flag;Bandera
DENIED;NEGADO
"Create Vourcher";"crear vale"
"Code Name";"Nombre de código"
"Voucher Type";"Tipo de vales"
Duration;Duración
"Usage Limit";"Límite de uso"
"Discount Type";"Tipo de descuento"
Ramboo;Rambo
"Something for Nothing";"Algo por nada"
"10 Days";"10 días"
"1 per Account";"1 por cada cuenta"
Utang;utang
1000;1000
"Voucher Code Name";"Nombre código del vale"
"Voucher Code";"Código del vale"
"Generate Voucher Code";"Generar código de descuento"
One-Time;Una vez
Multi-Use;Multiuso
100;100
"Fixed Amount";"Cantidad fija"
Percentage;Porcentaje
1;1
"Voucher is currently Inactive";"El vale está actualmente inactivo"
"Yes, Activate this Voucher";"Sí, activar el vale"
"Voucher is Now Active";"El vale está ahora Active"
872379000000;872379000000
Unknown;Desconocido
42287;42287
"FullName / Email";"Nombre Completo / Correo electrónico"
"Remarks from Dispute";"Observaciones de la disputa"
"Deposit Slip";"Recibo de entrega"
Remarks:;observaciones:
"Enter your remarks";"Introduzca sus observaciones"
"Deposit Slip:";"Recibo de entrega:"
"Compatible files: JPG, JPEG, and PNG";"Archivos compatibles: JPG, JPEG y PNG"
"Are you sure you want to refund this transaction?";"¿Está seguro de que quiere reembolsar esta transacción?"
No;No
Yes;Sí
"Refund History Information";"Información del historia de reembolso"
Print;Imprimir
"Dispute ID:";"Identificación de disputa:"
"Buyer Name:";"Nombre del comprador:"
"Buyer Email:";"Correo electrónico del comprador:"
"Buyer Contact Number:";"Teléfono de contacto del comprador:"
"Date Request:";"Fecha de solicitud:"
"Date Processed:";"Fecha Procesamiento:"
"Processed By:";"Procesado por:"
"Click here";"Haga clic aquí"
"Supplier Payout";"Pago de Proveedores"
"Date From";"Desde la fecha "
"Date To";"Hasta la fecha"
"Search for keyword: Manufacturer/Contact number";"Buscar palabra clave: Fabricante / Número de contacto"
"Payout List";"Lista de pagos"
"Payout History";"Historial de pagos"
Manufacturer;Fabricante
"Reference Number";"Número de referencia"
"Support CSR";"Soporte CSR"
"Payout Details";"Detalles de pago"
"WayBill Number";"Número de guía"
Warehouse;Almacén
"Payout Order Products";"Pago de orden de pedidos de productos "
"Deposit Slips";"Comprobante de deposito"
"Date Modified";"Fecha modificada"
Close;Cerrado
"Case ID:";"Identificación del caso:"
"Date Request";"Fecha de Solicitud"
"Date Processed";"Fecha de procesamiento"
"Processed By";"Procesado por"
"Select type of dispute";"Seleccionar el tipo de disputa"
"Select status";"Seleccionar el estado"
"No case found";"No se encontraron casos"
"Dispute Resolution";"Resolución de disputas"
"Voucher Name";"Nombre de vale"
"Voucher Value";"Valor del vale"
"Enter Dispute message here..";"Entre su mensaje de la disputa aquí .."
"Replace Different Item";"Reemplazar diferentes artículos"
Done;realizado
"Search for keyword: Store Name";"Buscar palabras clave: Nombre de la tienda"
"Supplier Name";"Nombre del proveedor"
"Commission Amount";"Monto de la Comisión"
PHP;PHP
"Supplier Payout Amount";"Pago de monto al proveedor"
"Search By Invoice No. / Buyer";"Buscar por número de factura / comprador"
"Order Status:";"Estado del pedido:"
"Payment Type:";"Tipo de pago:"
Actions:;Acción:
"Cancel Request By Buyer";"Cancelación de la solicitud por el Comprador"
"Cancel Product";"Cancelar Producto"
None;Ninguna
"Collected Amount";"Monto cobrado"
"Transaction Price";"Precio de transacción"
"Consignee Name";"Nombre del destinatario"
"Consignee Contact Number";"Número de contacto del destinatario"
"Buyer Details";"Detalles del comprador"
"Shipping Address";"dirección de envío"
"Freight Charge";"Gasto de transporte"
"Additional Charge";"Cargos adicionales"
"Seller Net";"Neto del vendedor"
"Voucher Details";"Detalles del vale"
Attributes;Atributos
"Cancel Transaction";"Cancelar Transacción"
Deny;Denegar
"Seller Details";"Detalles del vendedor"
"Store Address";"Dirección de la tienda"
"Remarks for Approval";"Observaciones para la aprobación"
"Remarks for Deny";"Observaciones para Denegación"
"Registered Buyer";"Comprador registrado"
"Search Buyer here";"Buscar Comprador aquí"
"User Information";"información del usuario"
UPDATE;ACTUALIZAR
"Address Title";"Título de dirección"
"Home Address";"Dirección de casa"
"Unit Number";"Numero de la unidad"
"Building Name";"Nombre del edificio"
"Street Number";"Número de calle"
"Street Name";"Nombre de la calle"
Subdivision;Subdivisión
Province;Provincia
"Select your province";"Seleccione su provincia"
City/Municipal;Ciudad / Municipio
Barangay;Vecindario
"Zip Code";"Código postal"
"Registered Seller/Affiliates";"Vendedor / afiliados"
"Create Voucher";"Crear vale"
Code;Código
Used;Usado
"Voucher Codes";"Los códigos de los vales"
"Minimum Purchase";"Compra mínima"
"By Batch";"Por lotes"
"Disable Countdown Timer";"Desactivar temporizador de cuenta regresiva"
Orientation;Orientación
Order;Orden de pedido
3;3
"ex. Title";"ex. Título"
"Left to Right";"De izquierda a derecha"
"Right to Left";"De derecha a izquierda"
"Products Slug (separated by line break)";"Productos Lingote (separados por salto de línea)"
"Products List";"Lista de productos"
"Product One";"Producto Uno"
"Banner Link";"Botón de Enlace"
"Paste your Banner Links here";"Pegar su bandera de enlaces aquí "
"Category Name";"Nombre de la categoría"
Show;Mostrar  
"Category Header Link";"Cabecera del Enlace"
11/03/2015;11/03/2015
Time;Hora
"Pick a Date";"Elija una fecha"
"Start Time";"Hora de inicio"
"End Time";"Hora de finalización"
"Flash Sales Discount";"Ventas con descuentos relámpago"
"Flash Discounted Price";"Precio con descuento relámpago"
"Sales Stock";"Ventas de almacenamiento"
"P 1,000";"P 1000"
"10% off";"10% de descuento"
"P 900";"P 900"
"ex. 10%";"ex. 10%"
"ex. 1000";"ex. 1000"
"Mobile Webview (CMS)";"Vista de web móvil (CMS)"
"Cover Photo Link";"Enlace de foto de cubierta"
"Paste Link";"Pegue el enlace"
